[{"model": "auth.permission", "pk": 1, "fields": {"name": "Can add log entry", "content_type": 1, "codename": "add_logentry"}}, {"model": "auth.permission", "pk": 2, "fields": {"name": "Can change log entry", "content_type": 1, "codename": "change_logentry"}}, {"model": "auth.permission", "pk": 3, "fields": {"name": "Can delete log entry", "content_type": 1, "codename": "delete_logentry"}}, {"model": "auth.permission", "pk": 4, "fields": {"name": "Can view log entry", "content_type": 1, "codename": "view_logentry"}}, {"model": "auth.permission", "pk": 5, "fields": {"name": "Can add permission", "content_type": 2, "codename": "add_permission"}}, {"model": "auth.permission", "pk": 6, "fields": {"name": "Can change permission", "content_type": 2, "codename": "change_permission"}}, {"model": "auth.permission", "pk": 7, "fields": {"name": "Can delete permission", "content_type": 2, "codename": "delete_permission"}}, {"model": "auth.permission", "pk": 8, "fields": {"name": "Can view permission", "content_type": 2, "codename": "view_permission"}}, {"model": "auth.permission", "pk": 9, "fields": {"name": "Can add group", "content_type": 3, "codename": "add_group"}}, {"model": "auth.permission", "pk": 10, "fields": {"name": "Can change group", "content_type": 3, "codename": "change_group"}}, {"model": "auth.permission", "pk": 11, "fields": {"name": "Can delete group", "content_type": 3, "codename": "delete_group"}}, {"model": "auth.permission", "pk": 12, "fields": {"name": "Can view group", "content_type": 3, "codename": "view_group"}}, {"model": "auth.permission", "pk": 13, "fields": {"name": "Can add user", "content_type": 4, "codename": "add_user"}}, {"model": "auth.permission", "pk": 14, "fields": {"name": "Can change user", "content_type": 4, "codename": "change_user"}}, {"model": "auth.permission", "pk": 15, "fields": {"name": "Can delete user", "content_type": 4, "codename": "delete_user"}}, {"model": "auth.permission", "pk": 16, "fields": {"name": "Can view user", "content_type": 4, "codename": "view_user"}}, {"model": "auth.permission", "pk": 17, "fields": {"name": "Can add content type", "content_type": 5, "codename": "add_contenttype"}}, {"model": "auth.permission", "pk": 18, "fields": {"name": "Can change content type", "content_type": 5, "codename": "change_contenttype"}}, {"model": "auth.permission", "pk": 19, "fields": {"name": "Can delete content type", "content_type": 5, "codename": "delete_contenttype"}}, {"model": "auth.permission", "pk": 20, "fields": {"name": "Can view content type", "content_type": 5, "codename": "view_contenttype"}}, {"model": "auth.permission", "pk": 21, "fields": {"name": "Can add session", "content_type": 6, "codename": "add_session"}}, {"model": "auth.permission", "pk": 22, "fields": {"name": "Can change session", "content_type": 6, "codename": "change_session"}}, {"model": "auth.permission", "pk": 23, "fields": {"name": "Can delete session", "content_type": 6, "codename": "delete_session"}}, {"model": "auth.permission", "pk": 24, "fields": {"name": "Can view session", "content_type": 6, "codename": "view_session"}}, {"model": "auth.permission", "pk": 25, "fields": {"name": "Can add user", "content_type": 7, "codename": "add_user"}}, {"model": "auth.permission", "pk": 26, "fields": {"name": "Can change user", "content_type": 7, "codename": "change_user"}}, {"model": "auth.permission", "pk": 27, "fields": {"name": "Can delete user", "content_type": 7, "codename": "delete_user"}}, {"model": "auth.permission", "pk": 28, "fields": {"name": "Can view user", "content_type": 7, "codename": "view_user"}}, {"model": "auth.permission", "pk": 29, "fields": {"name": "Can add airport", "content_type": 8, "codename": "add_airport"}}, {"model": "auth.permission", "pk": 30, "fields": {"name": "Can change airport", "content_type": 8, "codename": "change_airport"}}, {"model": "auth.permission", "pk": 31, "fields": {"name": "Can delete airport", "content_type": 8, "codename": "delete_airport"}}, {"model": "auth.permission", "pk": 32, "fields": {"name": "Can view airport", "content_type": 8, "codename": "view_airport"}}, {"model": "auth.permission", "pk": 33, "fields": {"name": "Can add continent", "content_type": 9, "codename": "add_continent"}}, {"model": "auth.permission", "pk": 34, "fields": {"name": "Can change continent", "content_type": 9, "codename": "change_continent"}}, {"model": "auth.permission", "pk": 35, "fields": {"name": "Can delete continent", "content_type": 9, "codename": "delete_continent"}}, {"model": "auth.permission", "pk": 36, "fields": {"name": "Can view continent", "content_type": 9, "codename": "view_continent"}}, {"model": "auth.permission", "pk": 37, "fields": {"name": "Can add country", "content_type": 10, "codename": "add_country"}}, {"model": "auth.permission", "pk": 38, "fields": {"name": "Can change country", "content_type": 10, "codename": "change_country"}}, {"model": "auth.permission", "pk": 39, "fields": {"name": "Can delete country", "content_type": 10, "codename": "delete_country"}}, {"model": "auth.permission", "pk": 40, "fields": {"name": "Can view country", "content_type": 10, "codename": "view_country"}}, {"model": "auth.permission", "pk": 41, "fields": {"name": "Can add resort", "content_type": 11, "codename": "add_resort"}}, {"model": "auth.permission", "pk": 42, "fields": {"name": "Can change resort", "content_type": 11, "codename": "change_resort"}}, {"model": "auth.permission", "pk": 43, "fields": {"name": "Can delete resort", "content_type": 11, "codename": "delete_resort"}}, {"model": "auth.permission", "pk": 44, "fields": {"name": "Can view resort", "content_type": 11, "codename": "view_resort"}}, {"model": "auth.permission", "pk": 45, "fields": {"name": "Can add slope", "content_type": 12, "codename": "add_slope"}}, {"model": "auth.permission", "pk": 46, "fields": {"name": "Can change slope", "content_type": 12, "codename": "change_slope"}}, {"model": "auth.permission", "pk": 47, "fields": {"name": "Can delete slope", "content_type": 12, "codename": "delete_slope"}}, {"model": "auth.permission", "pk": 48, "fields": {"name": "Can view slope", "content_type": 12, "codename": "view_slope"}}, {"model": "auth.permission", "pk": 49, "fields": {"name": "Can add lift", "content_type": 13, "codename": "add_lift"}}, {"model": "auth.permission", "pk": 50, "fields": {"name": "Can change lift", "content_type": 13, "codename": "change_lift"}}, {"model": "auth.permission", "pk": 51, "fields": {"name": "Can delete lift", "content_type": 13, "codename": "delete_lift"}}, {"model": "auth.permission", "pk": 52, "fields": {"name": "Can view lift", "content_type": 13, "codename": "view_lift"}}, {"model": "auth.permission", "pk": 53, "fields": {"name": "Can add airport distance", "content_type": 14, "codename": "add_airportdistance"}}, {"model": "auth.permission", "pk": 54, "fields": {"name": "Can change airport distance", "content_type": 14, "codename": "change_airportdistance"}}, {"model": "auth.permission", "pk": 55, "fields": {"name": "Can delete airport distance", "content_type": 14, "codename": "delete_airportdistance"}}, {"model": "auth.permission", "pk": 56, "fields": {"name": "Can view airport distance", "content_type": 14, "codename": "view_airportdistance"}}, {"model": "auth.permission", "pk": 57, "fields": {"name": "Can add test", "content_type": 15, "codename": "add_test"}}, {"model": "auth.permission", "pk": 58, "fields": {"name": "Can change test", "content_type": 15, "codename": "change_test"}}, {"model": "auth.permission", "pk": 59, "fields": {"name": "Can delete test", "content_type": 15, "codename": "delete_test"}}, {"model": "auth.permission", "pk": 60, "fields": {"name": "Can view test", "content_type": 15, "codename": "view_test"}}, {"model": "contenttypes.contenttype", "pk": 1, "fields": {"app_label": "admin", "model": "logentry"}}, {"model": "contenttypes.contenttype", "pk": 2, "fields": {"app_label": "auth", "model": "permission"}}, {"model": "contenttypes.contenttype", "pk": 3, "fields": {"app_label": "auth", "model": "group"}}, {"model": "contenttypes.contenttype", "pk": 4, "fields": {"app_label": "auth", "model": "user"}}, {"model": "contenttypes.contenttype", "pk": 5, "fields": {"app_label": "contenttypes", "model": "contenttype"}}, {"model": "contenttypes.contenttype", "pk": 6, "fields": {"app_label": "sessions", "model": "session"}}, {"model": "contenttypes.contenttype", "pk": 7, "fields": {"app_label": "bot", "model": "user"}}, {"model": "contenttypes.contenttype", "pk": 8, "fields": {"app_label": "ski", "model": "airport"}}, {"model": "contenttypes.contenttype", "pk": 9, "fields": {"app_label": "ski", "model": "continent"}}, {"model": "contenttypes.contenttype", "pk": 10, "fields": {"app_label": "ski", "model": "country"}}, {"model": "contenttypes.contenttype", "pk": 11, "fields": {"app_label": "ski", "model": "resort"}}, {"model": "contenttypes.contenttype", "pk": 12, "fields": {"app_label": "ski", "model": "slope"}}, {"model": "contenttypes.contenttype", "pk": 13, "fields": {"app_label": "ski", "model": "lift"}}, {"model": "contenttypes.contenttype", "pk": 14, "fields": {"app_label": "ski", "model": "airportdistance"}}, {"model": "contenttypes.contenttype", "pk": 15, "fields": {"app_label": "ski", "model": "test"}}, {"model": "bot.user", "pk": 1, "fields": {"telegram_id": 128609524, "is_bot": false, "first_name": "Vitalii", "bookmarks": []}}, {"model": "ski.continent", "pk": 1, "fields": {"name": "Europe", "url": "https://www.skiresort.info/ski-resorts/europe/sorted/slope-length/"}}, {"model": "ski.continent", "pk": 2, "fields": {"name": "North America", "url": "https://www.skiresort.info/ski-resorts/north-america/sorted/slope-length/"}}, {"model": "ski.continent", "pk": 3, "fields": {"name": "South America", "url": "https://www.skiresort.info/ski-resorts/south-america/sorted/slope-length/"}}, {"model": "ski.continent", "pk": 4, "fields": {"name": "Asia", "url": "https://www.skiresort.info/ski-resorts/asia/sorted/slope-length/"}}, {"model": "ski.continent", "pk": 5, "fields": {"name": "Australia and Oceania", "url": "https://www.skiresort.info/ski-resorts/australia-and-oceania/sorted/slope-length/"}}, {"model": "ski.continent", "pk": 6, "fields": {"name": "Africa", "url": "https://www.skiresort.info/ski-resorts/africa/sorted/slope-length/"}}, {"model": "ski.country", "pk": 169, "fields": {"name": "Algeria", "continent": 6, "url": "https://www.skiresort.info/ski-resorts/algeria/sorted/slope-length/"}}, {"model": "ski.country", "pk": 170, "fields": {"name": "Egypt", "continent": 6, "url": "https://www.skiresort.info/ski-resorts/egypt/sorted/slope-length/"}}, {"model": "ski.country", "pk": 171, "fields": {"name": "Lesotho", "continent": 6, "url": "https://www.skiresort.info/ski-resorts/lesotho/sorted/slope-length/"}}, {"model": "ski.country", "pk": 172, "fields": {"name": "Morocco", "continent": 6, "url": "https://www.skiresort.info/ski-resorts/morocco/sorted/slope-length/"}}, {"model": "ski.country", "pk": 173, "fields": {"name": "Namibia", "continent": 6, "url": "https://www.skiresort.info/ski-resorts/namibia/sorted/slope-length/"}}, {"model": "ski.country", "pk": 174, "fields": {"name": "South Africa", "continent": 6, "url": "https://www.skiresort.info/ski-resorts/south-africa/sorted/slope-length/"}}, {"model": "ski.country", "pk": 175, "fields": {"name": "Armenia ", "continent": 4, "url": "https://www.skiresort.info/ski-resorts/armenia/sorted/slope-length/"}}, {"model": "ski.country", "pk": 176, "fields": {"name": "Azerbaijan", "continent": 4, "url": "https://www.skiresort.info/ski-resorts/azerbaijan/sorted/slope-length/"}}, {"model": "ski.country", "pk": 177, "fields": {"name": "Bahrain", "continent": 4, "url": "https://www.skiresort.info/ski-resorts/bahrain/sorted/slope-length/"}}, {"model": "ski.country", "pk": 178, "fields": {"name": "China", "continent": 4, "url": "https://www.skiresort.info/ski-resorts/china/sorted/slope-length/"}}, {"model": "ski.country", "pk": 179, "fields": {"name": "Cyprus", "continent": 4, "url": "https://www.skiresort.info/ski-resorts/cyprus/sorted/slope-length/"}}, {"model": "ski.country", "pk": 180, "fields": {"name": "Georgia", "continent": 4, "url": "https://www.skiresort.info/ski-resorts/georgia/sorted/slope-length/"}}, {"model": "ski.country", "pk": 181, "fields": {"name": "India", "continent": 4, "url": "https://www.skiresort.info/ski-resorts/india/sorted/slope-length/"}}, {"model": "ski.country", "pk": 182, "fields": {"name": "Indonesia", "continent": 4, "url": "https://www.skiresort.info/ski-resorts/indonesia/sorted/slope-length/"}}, {"model": "ski.country", "pk": 183, "fields": {"name": "Iran", "continent": 4, "url": "https://www.skiresort.info/ski-resorts/iran/sorted/slope-length/"}}, {"model": "ski.country", "pk": 184, "fields": {"name": "Iraq", "continent": 4, "url": "https://www.skiresort.info/ski-resorts/iraq/sorted/slope-length/"}}, {"model": "ski.country", "pk": 185, "fields": {"name": "Israel", "continent": 4, "url": "https://www.skiresort.info/ski-resorts/israel/sorted/slope-length/"}}, {"model": "ski.country", "pk": 186, "fields": {"name": "Japan", "continent": 4, "url": "https://www.skiresort.info/ski-resorts/japan/sorted/slope-length/"}}, {"model": "ski.country", "pk": 187, "fields": {"name": "Kazakhstan", "continent": 4, "url": "https://www.skiresort.info/ski-resorts/kazakhstan/sorted/slope-length/"}}, {"model": "ski.country", "pk": 188, "fields": {"name": "Kyrgyzstan", "continent": 4, "url": "https://www.skiresort.info/ski-resorts/kyrgyzstan/sorted/slope-length/"}}, {"model": "ski.country", "pk": 189, "fields": {"name": "Lebanon", "continent": 4, "url": "https://www.skiresort.info/ski-resorts/lebanon/sorted/slope-length/"}}, {"model": "ski.country", "pk": 190, "fields": {"name": "Malaysia", "continent": 4, "url": "https://www.skiresort.info/ski-resorts/malaysia/sorted/slope-length/"}}, {"model": "ski.country", "pk": 191, "fields": {"name": "Mongolia", "continent": 4, "url": "https://www.skiresort.info/ski-resorts/mongolia/sorted/slope-length/"}}, {"model": "ski.country", "pk": 192, "fields": {"name": "Nepal", "continent": 4, "url": "https://www.skiresort.info/ski-resorts/nepal/sorted/slope-length/"}}, {"model": "ski.country", "pk": 193, "fields": {"name": "North Korea", "continent": 4, "url": "https://www.skiresort.info/ski-resorts/north-korea/sorted/slope-length/"}}, {"model": "ski.country", "pk": 194, "fields": {"name": "Pakistan", "continent": 4, "url": "https://www.skiresort.info/ski-resorts/pakistan/sorted/slope-length/"}}, {"model": "ski.country", "pk": 195, "fields": {"name": "Qatar", "continent": 4, "url": "https://www.skiresort.info/ski-resorts/qatar/sorted/slope-length/"}}, {"model": "ski.country", "pk": 197, "fields": {"name": "Singapore", "continent": 4, "url": "https://www.skiresort.info/ski-resorts/singapore/sorted/slope-length/"}}, {"model": "ski.country", "pk": 198, "fields": {"name": "South Korea", "continent": 4, "url": "https://www.skiresort.info/ski-resorts/south-korea/sorted/slope-length/"}}, {"model": "ski.country", "pk": 199, "fields": {"name": "Thailand", "continent": 4, "url": "https://www.skiresort.info/ski-resorts/thailand/sorted/slope-length/"}}, {"model": "ski.country", "pk": 200, "fields": {"name": "Turkey", "continent": 4, "url": "https://www.skiresort.info/ski-resorts/turkey/sorted/slope-length/"}}, {"model": "ski.country", "pk": 201, "fields": {"name": "Turkmenistan", "continent": 4, "url": "https://www.skiresort.info/ski-resorts/turkmenistan/sorted/slope-length/"}}, {"model": "ski.country", "pk": 202, "fields": {"name": "United Arab Emirates", "continent": 4, "url": "https://www.skiresort.info/ski-resorts/united-arab-emirates/sorted/slope-length/"}}, {"model": "ski.country", "pk": 203, "fields": {"name": "Uzbekistan", "continent": 4, "url": "https://www.skiresort.info/ski-resorts/uzbekistan/sorted/slope-length/"}}, {"model": "ski.country", "pk": 204, "fields": {"name": "Australia", "continent": 5, "url": "https://www.skiresort.info/ski-resorts/australia/sorted/slope-length/"}}, {"model": "ski.country", "pk": 205, "fields": {"name": "New Zealand", "continent": 5, "url": "https://www.skiresort.info/ski-resorts/new-zealand/sorted/slope-length/"}}, {"model": "ski.country", "pk": 206, "fields": {"name": "Albania", "continent": 1, "url": "https://www.skiresort.info/ski-resorts/albania/sorted/slope-length/"}}, {"model": "ski.country", "pk": 207, "fields": {"name": "Andorra", "continent": 1, "url": "https://www.skiresort.info/ski-resorts/andorra/sorted/slope-length/"}}, {"model": "ski.country", "pk": 208, "fields": {"name": "Austria", "continent": 1, "url": "https://www.skiresort.info/ski-resorts/austria/sorted/slope-length/"}}, {"model": "ski.country", "pk": 209, "fields": {"name": "Belarus", "continent": 1, "url": "https://www.skiresort.info/ski-resorts/belarus/sorted/slope-length/"}}, {"model": "ski.country", "pk": 210, "fields": {"name": "Belgium", "continent": 1, "url": "https://www.skiresort.info/ski-resorts/belgium/sorted/slope-length/"}}, {"model": "ski.country", "pk": 211, "fields": {"name": "Bosnia and Herzegovina", "continent": 1, "url": "https://www.skiresort.info/ski-resorts/bosnia-and-herzegovina/sorted/slope-length/"}}, {"model": "ski.country", "pk": 212, "fields": {"name": "Bulgaria", "continent": 1, "url": "https://www.skiresort.info/ski-resorts/bulgaria/sorted/slope-length/"}}, {"model": "ski.country", "pk": 213, "fields": {"name": "Croatia", "continent": 1, "url": "https://www.skiresort.info/ski-resorts/croatia/sorted/slope-length/"}}, {"model": "ski.country", "pk": 214, "fields": {"name": "Czech Republic", "continent": 1, "url": "https://www.skiresort.info/ski-resorts/czech-republic/sorted/slope-length/"}}, {"model": "ski.country", "pk": 215, "fields": {"name": "Denmark", "continent": 1, "url": "https://www.skiresort.info/ski-resorts/denmark/sorted/slope-length/"}}, {"model": "ski.country", "pk": 216, "fields": {"name": "Estonia", "continent": 1, "url": "https://www.skiresort.info/ski-resorts/estonia/sorted/slope-length/"}}, {"model": "ski.country", "pk": 217, "fields": {"name": "Finland", "continent": 1, "url": "https://www.skiresort.info/ski-resorts/finland/sorted/slope-length/"}}, {"model": "ski.country", "pk": 218, "fields": {"name": "France", "continent": 1, "url": "https://www.skiresort.info/ski-resorts/france/sorted/slope-length/"}}, {"model": "ski.country", "pk": 219, "fields": {"name": "Germany", "continent": 1, "url": "https://www.skiresort.info/ski-resorts/germany/sorted/slope-length/"}}, {"model": "ski.country", "pk": 220, "fields": {"name": "Greece", "continent": 1, "url": "https://www.skiresort.info/ski-resorts/greece/sorted/slope-length/"}}, {"model": "ski.country", "pk": 221, "fields": {"name": "Greenland", "continent": 1, "url": "https://www.skiresort.info/ski-resorts/greenland/sorted/slope-length/"}}, {"model": "ski.country", "pk": 222, "fields": {"name": "Hungary", "continent": 1, "url": "https://www.skiresort.info/ski-resorts/hungary/sorted/slope-length/"}}, {"model": "ski.country", "pk": 223, "fields": {"name": "Iceland", "continent": 1, "url": "https://www.skiresort.info/ski-resorts/iceland/sorted/slope-length/"}}, {"model": "ski.country", "pk": 224, "fields": {"name": "Ireland", "continent": 1, "url": "https://www.skiresort.info/ski-resorts/ireland/sorted/slope-length/"}}, {"model": "ski.country", "pk": 225, "fields": {"name": "Italy", "continent": 1, "url": "https://www.skiresort.info/ski-resorts/italy/sorted/slope-length/"}}, {"model": "ski.country", "pk": 226, "fields": {"name": "Kosovo", "continent": 1, "url": "https://www.skiresort.info/ski-resorts/kosovo/sorted/slope-length/"}}, {"model": "ski.country", "pk": 227, "fields": {"name": "Latvia", "continent": 1, "url": "https://www.skiresort.info/ski-resorts/latvia/sorted/slope-length/"}}, {"model": "ski.country", "pk": 228, "fields": {"name": "Liechtenstein", "continent": 1, "url": "https://www.skiresort.info/ski-resorts/liechtenstein/sorted/slope-length/"}}, {"model": "ski.country", "pk": 229, "fields": {"name": "Lithuania", "continent": 1, "url": "https://www.skiresort.info/ski-resorts/lithuania/sorted/slope-length/"}}, {"model": "ski.country", "pk": 230, "fields": {"name": "Montenegro", "continent": 1, "url": "https://www.skiresort.info/ski-resorts/montenegro/sorted/slope-length/"}}, {"model": "ski.country", "pk": 231, "fields": {"name": "Netherlands", "continent": 1, "url": "https://www.skiresort.info/ski-resorts/netherlands/sorted/slope-length/"}}, {"model": "ski.country", "pk": 232, "fields": {"name": "North Macedonia", "continent": 1, "url": "https://www.skiresort.info/ski-resorts/north-macedonia/sorted/slope-length/"}}, {"model": "ski.country", "pk": 233, "fields": {"name": "Norway", "continent": 1, "url": "https://www.skiresort.info/ski-resorts/norway/sorted/slope-length/"}}, {"model": "ski.country", "pk": 234, "fields": {"name": "Poland", "continent": 1, "url": "https://www.skiresort.info/ski-resorts/poland/sorted/slope-length/"}}, {"model": "ski.country", "pk": 235, "fields": {"name": "Portugal", "continent": 1, "url": "https://www.skiresort.info/ski-resorts/portugal/sorted/slope-length/"}}, {"model": "ski.country", "pk": 236, "fields": {"name": "Romania", "continent": 1, "url": "https://www.skiresort.info/ski-resorts/romania/sorted/slope-length/"}}, {"model": "ski.country", "pk": 237, "fields": {"name": "Russia", "continent": 1, "url": "https://www.skiresort.info/ski-resorts/russia/sorted/slope-length/"}}, {"model": "ski.country", "pk": 238, "fields": {"name": "Serbia", "continent": 1, "url": "https://www.skiresort.info/ski-resorts/serbia/sorted/slope-length/"}}, {"model": "ski.country", "pk": 239, "fields": {"name": "Slovakia", "continent": 1, "url": "https://www.skiresort.info/ski-resorts/slovakia/sorted/slope-length/"}}, {"model": "ski.country", "pk": 240, "fields": {"name": "Slovenia", "continent": 1, "url": "https://www.skiresort.info/ski-resorts/slovenia/sorted/slope-length/"}}, {"model": "ski.country", "pk": 241, "fields": {"name": "Spain", "continent": 1, "url": "https://www.skiresort.info/ski-resorts/spain/sorted/slope-length/"}}, {"model": "ski.country", "pk": 242, "fields": {"name": "Sweden", "continent": 1, "url": "https://www.skiresort.info/ski-resorts/sweden/sorted/slope-length/"}}, {"model": "ski.country", "pk": 243, "fields": {"name": "Switzerland", "continent": 1, "url": "https://www.skiresort.info/ski-resorts/switzerland/sorted/slope-length/"}}, {"model": "ski.country", "pk": 244, "fields": {"name": "Ukraine", "continent": 1, "url": "https://www.skiresort.info/ski-resorts/ukraine/sorted/slope-length/"}}, {"model": "ski.country", "pk": 245, "fields": {"name": "United Kingdom", "continent": 1, "url": "https://www.skiresort.info/ski-resorts/united-kingdom/sorted/slope-length/"}}, {"model": "ski.country", "pk": 246, "fields": {"name": "Canada", "continent": 2, "url": "https://www.skiresort.info/ski-resorts/canada/sorted/slope-length/"}}, {"model": "ski.country", "pk": 247, "fields": {"name": "Mexico", "continent": 2, "url": "https://www.skiresort.info/ski-resorts/mexico/sorted/slope-length/"}}, {"model": "ski.country", "pk": 248, "fields": {"name": "USA", "continent": 2, "url": "https://www.skiresort.info/ski-resorts/usa/sorted/slope-length/"}}, {"model": "ski.country", "pk": 249, "fields": {"name": "Argentina", "continent": 3, "url": "https://www.skiresort.info/ski-resorts/argentina/sorted/slope-length/"}}, {"model": "ski.country", "pk": 250, "fields": {"name": "Brazil", "continent": 3, "url": "https://www.skiresort.info/ski-resorts/brazil/sorted/slope-length/"}}, {"model": "ski.country", "pk": 251, "fields": {"name": "Chile", "continent": 3, "url": "https://www.skiresort.info/ski-resorts/chile/sorted/slope-length/"}}, {"model": "ski.country", "pk": 252, "fields": {"name": "Peru", "continent": 3, "url": "https://www.skiresort.info/ski-resorts/peru/sorted/slope-length/"}}, {"model": "ski.resort", "pk": 53, "fields": {"name": "Les Portes du Soleil – Morzine/Avoriaz/Les Gets/Châtel/Morgins/Champéry", "uuid": "3e4cfd4feaab4d38", "skipass_price": null, "bottom_point": 985, "top_point": 2254, "url": "https://www.skiresort.info/ski-resort/les-portes-du-soleil-morzineavoriazles-getschatelmorginschampery/", "country": [218, 243]}}, {"model": "ski.resort", "pk": 54, "fields": {"name": "4 Vallées – Verbier/La Tzoumaz/Nendaz/Veysonnaz/Thyon", "uuid": "a9cbe7c6a5384244", "skipass_price": null, "bottom_point": 821, "top_point": 3330, "url": "https://www.skiresort.info/ski-resort/4-vallees-verbierla-tzoumaznendazveysonnazthyon/", "country": [243]}}, {"model": "ski.resort", "pk": 55, "fields": {"name": "Zermatt/Breuil-Cervinia/Valtournenche – Matterhorn", "uuid": "73bdc4920ca3450b", "skipass_price": null, "bottom_point": 1562, "top_point": 3899, "url": "https://www.skiresort.info/ski-resort/zermattbreuil-cerviniavaltournenche-matterhorn/", "country": [225, 243]}}, {"model": "ski.resort", "pk": 56, "fields": {"name": "Ischgl/Samnaun – Silvretta Arena", "uuid": "2fe0d0d7bbe346d4", "skipass_price": null, "bottom_point": 1377, "top_point": 2872, "url": "https://www.skiresort.info/ski-resort/ischglsamnaun-silvretta-arena/", "country": [208, 243]}}, {"model": "ski.resort", "pk": 57, "fields": {"name": "Arosa Lenzerheide", "uuid": "7d22486884084609", "skipass_price": null, "bottom_point": 1229, "top_point": 2865, "url": "https://www.skiresort.info/ski-resort/arosa-lenzerheide/", "country": [243]}}, {"model": "ski.resort", "pk": 58, "fields": {"name": "Laax/Flims/Falera", "uuid": "885fb95cfe614845", "skipass_price": null, "bottom_point": 1100, "top_point": 3018, "url": "https://www.skiresort.info/ski-resort/laaxflimsfalera/", "country": [243]}}, {"model": "ski.resort", "pk": 59, "fields": {"name": "Rosa Khutor", "uuid": "577b8915f1e043ea", "skipass_price": null, "bottom_point": 940, "top_point": 2320, "url": "https://www.skiresort.info/ski-resort/rosa-khutor/", "country": [237]}}, {"model": "ski.resort", "pk": 60, "fields": {"name": "Gazprom Mountain Resort", "uuid": "408ac0ab9673480a", "skipass_price": null, "bottom_point": 949, "top_point": 2256, "url": "https://www.skiresort.info/ski-resort/gazprom-mountain-resort/", "country": [237]}}, {"model": "ski.resort", "pk": 61, "fields": {"name": "Krasnaya Polyana Resort", "uuid": "6b95a0f3f3484889", "skipass_price": null, "bottom_point": 960, "top_point": 2172, "url": "https://www.skiresort.info/ski-resort/krasnaya-polyana-resort/", "country": [237]}}, {"model": "ski.resort", "pk": 62, "fields": {"name": "Park City", "uuid": "324bcb42b895465b", "skipass_price": null, "bottom_point": 2080, "top_point": 3049, "url": "https://www.skiresort.info/ski-resort/park-city/", "country": [248]}}, {"model": "ski.resort", "pk": 63, "fields": {"name": "Big Sky Resort", "uuid": "5bc697d22d884a60", "skipass_price": null, "bottom_point": 2072, "top_point": 3398, "url": "https://www.skiresort.info/ski-resort/big-sky-resort/", "country": [248]}}, {"model": "ski.resort", "pk": 64, "fields": {"name": "Snowmass", "uuid": "1f48645033784c30", "skipass_price": null, "bottom_point": 2473, "top_point": 3813, "url": "https://www.skiresort.info/ski-resort/snowmass/", "country": [248]}}, {"model": "ski.resort", "pk": 65, "fields": {"name": "Vail", "uuid": "c780bda2ee774c0f", "skipass_price": null, "bottom_point": 2457, "top_point": 3433, "url": "https://www.skiresort.info/ski-resort/vail/", "country": [248]}}, {"model": "ski.resort", "pk": 66, "fields": {"name": "Steamboat", "uuid": "25a01e817a964914", "skipass_price": null, "bottom_point": 2103, "top_point": 3221, "url": "https://www.skiresort.info/ski-resort/steamboat/", "country": [248]}}, {"model": "ski.resort", "pk": 67, "fields": {"name": "Breckenridge", "uuid": "0a5da0dd59fd4bcb", "skipass_price": null, "bottom_point": 2926, "top_point": 3914, "url": "https://www.skiresort.info/ski-resort/breckenridge/", "country": [248]}}, {"model": "ski.resort", "pk": 68, "fields": {"name": "Beaver Creek", "uuid": "b90b2e9b713f412d", "skipass_price": null, "bottom_point": 2255, "top_point": 3488, "url": "https://www.skiresort.info/ski-resort/beaver-creek/", "country": [248]}}, {"model": "ski.resort", "pk": 69, "fields": {"name": "Winter Park Resort", "uuid": "3f26bd70c7a044e7", "skipass_price": null, "bottom_point": 2743, "top_point": 3676, "url": "https://www.skiresort.info/ski-resort/winter-park-resort/", "country": [248]}}, {"model": "ski.resort", "pk": 70, "fields": {"name": "Keystone", "uuid": "3e701c9345fc4ccd", "skipass_price": null, "bottom_point": 2835, "top_point": 3651, "url": "https://www.skiresort.info/ski-resort/keystone/", "country": [248]}}, {"model": "ski.resort", "pk": 71, "fields": {"name": "Aspen Highlands", "uuid": "a14a160ff4774e5c", "skipass_price": null, "bottom_point": 2451, "top_point": 3559, "url": "https://www.skiresort.info/ski-resort/aspen-highlands/", "country": [248]}}, {"model": "ski.resort", "pk": 72, "fields": {"name": "Powder Mountain", "uuid": "6a4c595b634e40a0", "skipass_price": null, "bottom_point": 2101, "top_point": 2712, "url": "https://www.skiresort.info/ski-resort/powder-mountain/", "country": [248]}}, {"model": "ski.resort", "pk": 73, "fields": {"name": "Copper Mountain", "uuid": "b324be1c16b8432a", "skipass_price": null, "bottom_point": 2926, "top_point": 3767, "url": "https://www.skiresort.info/ski-resort/copper-mountain/", "country": [248]}}, {"model": "ski.resort", "pk": 74, "fields": {"name": "Crested Butte", "uuid": "1028204bf82545fe", "skipass_price": null, "bottom_point": 2774, "top_point": 3620, "url": "https://www.skiresort.info/ski-resort/crested-butte/", "country": [248]}}, {"model": "ski.resort", "pk": 75, "fields": {"name": "Killington", "uuid": "d85b8f6b2ba04fe0", "skipass_price": null, "bottom_point": 355, "top_point": 1293, "url": "https://www.skiresort.info/ski-resort/killington/", "country": [248]}}, {"model": "ski.resort", "pk": 76, "fields": {"name": "Alta", "uuid": "751aeec0b933446a", "skipass_price": null, "bottom_point": 2560, "top_point": 3215, "url": "https://www.skiresort.info/ski-resort/alta/", "country": [248]}}, {"model": "ski.resort", "pk": 77, "fields": {"name": "Jackson Hole", "uuid": "78e31c7449864edd", "skipass_price": null, "bottom_point": 1924, "top_point": 3185, "url": "https://www.skiresort.info/ski-resort/jackson-hole/", "country": [248]}}, {"model": "ski.resort", "pk": 78, "fields": {"name": "Taos", "uuid": "8f804a6ac30346af", "skipass_price": null, "bottom_point": 2805, "top_point": 3795, "url": "https://www.skiresort.info/ski-resort/taos/", "country": [248]}}, {"model": "ski.resort", "pk": 79, "fields": {"name": "Arapahoe Basin", "uuid": "ca3b13516c054f29", "skipass_price": null, "bottom_point": 3286, "top_point": 3790, "url": "https://www.skiresort.info/ski-resort/arapahoe-basin/", "country": [248]}}, {"model": "ski.resort", "pk": 80, "fields": {"name": "Les 3 Vallées – Val Thorens/Les Menuires/Méribel/Courchevel", "uuid": "f4e47c36dd234c1b", "skipass_price": null, "bottom_point": 1100, "top_point": 3230, "url": "https://www.skiresort.info/ski-resort/les-3-vallees-val-thorensles-menuiresmeribelcourchevel/", "country": [218]}}, {"model": "ski.resort", "pk": 81, "fields": {"name": "Via Lattea – Sestriere/Sauze d’Oulx/San Sicario/Claviere/Montgenèvre", "uuid": "1d373f5b1c4b4d6f", "skipass_price": null, "bottom_point": 1372, "top_point": 2789, "url": "https://www.skiresort.info/ski-resort/via-lattea-sestrieresauze-doulxsan-sicarioclavieremontgenevre/", "country": [218, 225]}}, {"model": "ski.resort", "pk": 82, "fields": {"name": "Les Sybelles – Le Corbier/La Toussuire/Les Bottières/St Colomban des Villards/St Sorlin/St Jean d’Arves", "uuid": "e6992badc4084b91", "skipass_price": null, "bottom_point": 1100, "top_point": 2620, "url": "https://www.skiresort.info/ski-resort/les-sybelles-le-corbierla-toussuireles-bottieresst-colomban-des-villardsst-sorlinst-jean-darves/", "country": [218]}}, {"model": "ski.resort", "pk": 83, "fields": {"name": "Tignes/Val d'Isère", "uuid": "5350a8de90fa43f0", "skipass_price": null, "bottom_point": 1550, "top_point": 3456, "url": "https://www.skiresort.info/ski-resort/tignesval-disere/", "country": [218]}}, {"model": "ski.resort", "pk": 84, "fields": {"name": "Le Grand Massif – Flaine/Les Carroz/Morillon/Samoëns/Sixt", "uuid": "e54140df3947493d", "skipass_price": null, "bottom_point": 697, "top_point": 2480, "url": "https://www.skiresort.info/ski-resort/le-grand-massif-flaineles-carrozmorillonsamoenssixt/", "country": [218]}}, {"model": "ski.resort", "pk": 85, "fields": {"name": "Megève/Saint-Gervais", "uuid": "07bdea2fe1b84d50", "skipass_price": null, "bottom_point": 850, "top_point": 2353, "url": "https://www.skiresort.info/ski-resort/megevesaint-gervais/", "country": [218]}}, {"model": "ski.resort", "pk": 86, "fields": {"name": "Serre Chevalier – Briançon/Chantemerle/Villeneuve-la-Salle/Le Monêtier-les-Bains", "uuid": "a215bd78552044ab", "skipass_price": null, "bottom_point": 1200, "top_point": 2800, "url": "https://www.skiresort.info/ski-resort/serre-chevalier-brianconchantemerlevilleneuve-la-sallele-monetier-les-bains/", "country": [218]}}, {"model": "ski.resort", "pk": 87, "fields": {"name": "Alpe d'Huez", "uuid": "9805855da8974cb1", "skipass_price": null, "bottom_point": 1125, "top_point": 3330, "url": "https://www.skiresort.info/ski-resort/alpe-dhuez/", "country": [218]}}, {"model": "ski.resort", "pk": 88, "fields": {"name": "La Plagne (Paradiski)", "uuid": "234d21000a0848cb", "skipass_price": null, "bottom_point": 1207, "top_point": 3167, "url": "https://www.skiresort.info/ski-resort/la-plagne-paradiski/", "country": [218]}}, {"model": "ski.resort", "pk": 89, "fields": {"name": "Les 2 Alpes", "uuid": "56dd620094bb4e36", "skipass_price": null, "bottom_point": 1280, "top_point": 3523, "url": "https://www.skiresort.info/ski-resort/les-2-alpes/", "country": [218]}}, {"model": "ski.resort", "pk": 90, "fields": {"name": "Les Arcs/Peisey-Vallandry (Paradiski)", "uuid": "c31f856d8ccc4a21", "skipass_price": null, "bottom_point": 1200, "top_point": 3226, "url": "https://www.skiresort.info/ski-resort/les-arcspeisey-vallandry-paradiski/", "country": [218]}}, {"model": "ski.resort", "pk": 91, "fields": {"name": "Espace Diamant – Les Saisies/Notre-Dame-de-Bellecombe/Praz sur Arly/Flumet/Crest-Voland", "uuid": "f0e33b5a114b4fdf", "skipass_price": null, "bottom_point": 1000, "top_point": 2069, "url": "https://www.skiresort.info/ski-resort/espace-diamant-les-saisiesnotre-dame-de-bellecombepraz-sur-arlyflumetcrest-voland/", "country": [218]}}, {"model": "ski.resort", "pk": 92, "fields": {"name": "Vars/Risoul – La Forêt Blanche", "uuid": "e0bd4fe03486473f", "skipass_price": null, "bottom_point": 1650, "top_point": 2750, "url": "https://www.skiresort.info/ski-resort/varsrisoul-la-foret-blanche/", "country": [218]}}, {"model": "ski.resort", "pk": 93, "fields": {"name": "Espace Lumière – Pra Loup/Val d’Allos", "uuid": "e11e6b8e46354feb", "skipass_price": null, "bottom_point": 1608, "top_point": 2576, "url": "https://www.skiresort.info/ski-resort/espace-lumiere-pra-loupval-dallos/", "country": [218]}}, {"model": "ski.resort", "pk": 94, "fields": {"name": "Le Grand Domaine – Valmorel/Doucy/Celliers/St François Longchamp", "uuid": "f073da965b6944d6", "skipass_price": null, "bottom_point": 1250, "top_point": 2403, "url": "https://www.skiresort.info/ski-resort/le-grand-domaine-valmoreldoucycelliersst-francois-longchamp/", "country": [218]}}, {"model": "ski.resort", "pk": 95, "fields": {"name": "Galibier Thabor – Valmeinier/Valloire", "uuid": "b8ae81972d444492", "skipass_price": null, "bottom_point": 1430, "top_point": 2750, "url": "https://www.skiresort.info/ski-resort/galibier-thabor-valmeiniervalloire/", "country": [218]}}, {"model": "ski.resort", "pk": 96, "fields": {"name": "Espace San Bernardo – La Rosière/La Thuile", "uuid": "1511bd0949d847db", "skipass_price": null, "bottom_point": 1190, "top_point": 2800, "url": "https://www.skiresort.info/ski-resort/espace-san-bernardo-la-rosierela-thuile/", "country": [218, 225]}}, {"model": "ski.resort", "pk": 97, "fields": {"name": "Auron (Saint-Etienne-de-Tinée)", "uuid": "e25c71d1576c4668", "skipass_price": null, "bottom_point": 1600, "top_point": 2450, "url": "https://www.skiresort.info/ski-resort/auron-saint-etienne-de-tinee/", "country": [218]}}, {"model": "ski.resort", "pk": 98, "fields": {"name": "Val Cenis – Lanslevillard/Lanslebourg/Termignon", "uuid": "d6646aa857f447ea", "skipass_price": null, "bottom_point": 1300, "top_point": 2800, "url": "https://www.skiresort.info/ski-resort/val-cenis-lanslevillardlanslebourgtermignon/", "country": [218]}}, {"model": "ski.resort", "pk": 99, "fields": {"name": "Espace Villard Corrençon – Villard-de-Lans/Corrençon-en-Vercors", "uuid": "475ebb3c317c42c3", "skipass_price": null, "bottom_point": 1050, "top_point": 2050, "url": "https://www.skiresort.info/ski-resort/espace-villard-correncon-villard-de-lanscorrencon-en-vercors/", "country": [218]}}, {"model": "ski.resort", "pk": 100, "fields": {"name": "La Clusaz/Manigod", "uuid": "86a421538d5c4c1d", "skipass_price": null, "bottom_point": 1050, "top_point": 2485, "url": "https://www.skiresort.info/ski-resort/la-clusazmanigod/", "country": [218]}}, {"model": "ski.resort", "pk": 101, "fields": {"name": "Les 7 Laux – Prapoutel/Le Pleynet/Pipay", "uuid": "bcdc56cd88524bd1", "skipass_price": null, "bottom_point": 1350, "top_point": 2400, "url": "https://www.skiresort.info/ski-resort/les-7-laux-prapoutelle-pleynetpipay/", "country": [218]}}, {"model": "ski.resort", "pk": 102, "fields": {"name": "Les Contamines/Hauteluce", "uuid": "da392c985e4c4e9c", "skipass_price": null, "bottom_point": 1164, "top_point": 2437, "url": "https://www.skiresort.info/ski-resort/les-contamineshauteluce/", "country": [218]}}, {"model": "ski.resort", "pk": 103, "fields": {"name": "Isola 2000", "uuid": "ed1d5a26acd14d73", "skipass_price": null, "bottom_point": 1800, "top_point": 2603, "url": "https://www.skiresort.info/ski-resort/isola-2000/", "country": [218]}}, {"model": "ski.resort", "pk": 104, "fields": {"name": "Grand Tourmalet/Pic du Midi – La Mongie/Barèges", "uuid": "30296f6cf64b494a", "skipass_price": null, "bottom_point": 1250, "top_point": 2500, "url": "https://www.skiresort.info/ski-resort/grand-tourmaletpic-du-midi-la-mongiebareges/", "country": [218]}}, {"model": "ski.resort", "pk": 105, "fields": {"name": "Dévoluy – Superdévoluy/La Joue du Loup", "uuid": "be41682557654f68", "skipass_price": null, "bottom_point": 1500, "top_point": 2500, "url": "https://www.skiresort.info/ski-resort/devoluy-superdevoluyla-joue-du-loup/", "country": [218]}}, {"model": "ski.resort", "pk": 106, "fields": {"name": "Orcières Merlette 1850", "uuid": "7c7fbae2de8846f9", "skipass_price": null, "bottom_point": 1850, "top_point": 2725, "url": "https://www.skiresort.info/ski-resort/orcieres-merlette-1850/", "country": [218]}}, {"model": "ski.resort", "pk": 107, "fields": {"name": "Les Orres", "uuid": "97fe99c9bba04322", "skipass_price": null, "bottom_point": 1550, "top_point": 2720, "url": "https://www.skiresort.info/ski-resort/les-orres/", "country": [218]}}, {"model": "ski.resort", "pk": 108, "fields": {"name": "Saint-Lary-Soulan", "uuid": "c92b017b9ac04f86", "skipass_price": null, "bottom_point": 1597, "top_point": 2515, "url": "https://www.skiresort.info/ski-resort/saint-lary-soulan/", "country": [218]}}, {"model": "ski.resort", "pk": 109, "fields": {"name": "Chamrousse", "uuid": "b71c0d9c670544b6", "skipass_price": null, "bottom_point": 1400, "top_point": 2250, "url": "https://www.skiresort.info/ski-resort/chamrousse/", "country": [218]}}, {"model": "ski.resort", "pk": 110, "fields": {"name": "Valberg/Beuil les Launes", "uuid": "0cbe18ee9de84bd4", "skipass_price": null, "bottom_point": 1412, "top_point": 2020, "url": "https://www.skiresort.info/ski-resort/valbergbeuil-les-launes/", "country": [218]}}, {"model": "ski.resort", "pk": 111, "fields": {"name": "Le Grand Bornand", "uuid": "adf08e813adf43c7", "skipass_price": null, "bottom_point": 1000, "top_point": 2100, "url": "https://www.skiresort.info/ski-resort/le-grand-bornand/", "country": [218]}}, {"model": "ski.resort", "pk": 112, "fields": {"name": "Les Portes du Mont-Blanc – Combloux/Megève le Jaillet/La Giettaz", "uuid": "5e64886b1b784025", "skipass_price": null, "bottom_point": 1113, "top_point": 1835, "url": "https://www.skiresort.info/ski-resort/les-portes-du-mont-blanc-comblouxmegeve-le-jailletla-giettaz/", "country": [218]}}, {"model": "ski.resort", "pk": 113, "fields": {"name": "Ax 3 Domaines – Ax-les-Thermes", "uuid": "359a7e261f1a4e39", "skipass_price": null, "bottom_point": 1380, "top_point": 2346, "url": "https://www.skiresort.info/ski-resort/ax-3-domaines-ax-les-thermes/", "country": [218]}}, {"model": "ski.resort", "pk": 114, "fields": {"name": "Puy-Saint-Vincent", "uuid": "879ee6726a104d63", "skipass_price": null, "bottom_point": 1407, "top_point": 2677, "url": "https://www.skiresort.info/ski-resort/puy-saint-vincent/", "country": [218]}}, {"model": "ski.resort", "pk": 115, "fields": {"name": "Valfréjus", "uuid": "d8a5eebe66c04783", "skipass_price": null, "bottom_point": 1550, "top_point": 2737, "url": "https://www.skiresort.info/ski-resort/valfrejus/", "country": [218]}}, {"model": "ski.resort", "pk": 116, "fields": {"name": "Piau-Engaly", "uuid": "edaf761afc564fea", "skipass_price": null, "bottom_point": 1408, "top_point": 2528, "url": "https://www.skiresort.info/ski-resort/piau-engaly/", "country": [218]}}, {"model": "ski.resort", "pk": 117, "fields": {"name": "La Norma", "uuid": "c24f5ad804f74b8e", "skipass_price": null, "bottom_point": 1350, "top_point": 2750, "url": "https://www.skiresort.info/ski-resort/la-norma/", "country": [218]}}, {"model": "ski.resort", "pk": 118, "fields": {"name": "Super Sauze", "uuid": "7f45eb9937e2466e", "skipass_price": null, "bottom_point": 1400, "top_point": 2450, "url": "https://www.skiresort.info/ski-resort/super-sauze/", "country": [218]}}, {"model": "ski.resort", "pk": 119, "fields": {"name": "Peyragudes", "uuid": "b1ef15bb01e248ad", "skipass_price": null, "bottom_point": 1600, "top_point": 2400, "url": "https://www.skiresort.info/ski-resort/peyragudes/", "country": [218]}}, {"model": "ski.resort", "pk": 120, "fields": {"name": "Luz Ardiden", "uuid": "551ccc131fa94fbf", "skipass_price": null, "bottom_point": 1680, "top_point": 2500, "url": "https://www.skiresort.info/ski-resort/luz-ardiden/", "country": [218]}}, {"model": "ski.resort", "pk": 121, "fields": {"name": "Les Karellis", "uuid": "2ac8b8d842524d34", "skipass_price": null, "bottom_point": 1600, "top_point": 2520, "url": "https://www.skiresort.info/ski-resort/les-karellis/", "country": [218]}}, {"model": "ski.resort", "pk": 122, "fields": {"name": "Le Lioran", "uuid": "c08ee6d5fccc4e26", "skipass_price": null, "bottom_point": 1160, "top_point": 1850, "url": "https://www.skiresort.info/ski-resort/le-lioran/", "country": [218]}}, {"model": "ski.resort", "pk": 123, "fields": {"name": "Font-Romeu/Bolquère Pyrénées 2000", "uuid": "f2c29a72e1774f5f", "skipass_price": null, "bottom_point": 1650, "top_point": 2213, "url": "https://www.skiresort.info/ski-resort/font-romeubolquere-pyrenees-2000/", "country": [218]}}, {"model": "ski.resort", "pk": 124, "fields": {"name": "Brévent/Flégère (Chamonix)", "uuid": "cab92f3891a64319", "skipass_price": null, "bottom_point": 1030, "top_point": 2525, "url": "https://www.skiresort.info/ski-resort/breventflegere-chamonix/", "country": [218]}}, {"model": "ski.resort", "pk": 125, "fields": {"name": "Les Houches/Saint-Gervais – Prarion/Bellevue (Chamonix)", "uuid": "d1fe2d16d909413f", "skipass_price": null, "bottom_point": 1000, "top_point": 1900, "url": "https://www.skiresort.info/ski-resort/les-houchessaint-gervais-prarionbellevue-chamonix/", "country": [218]}}, {"model": "ski.resort", "pk": 126, "fields": {"name": "Aussois", "uuid": "02901a94114343c7", "skipass_price": null, "bottom_point": 1500, "top_point": 2750, "url": "https://www.skiresort.info/ski-resort/aussois/", "country": [218]}}, {"model": "ski.resort", "pk": 127, "fields": {"name": "Les Angles", "uuid": "858ec2588ff7429e", "skipass_price": null, "bottom_point": 1600, "top_point": 2376, "url": "https://www.skiresort.info/ski-resort/les-angles/", "country": [218]}}, {"model": "ski.resort", "pk": 128, "fields": {"name": "Praz de Lys/Sommand (Taninges/Mieussy)", "uuid": "ccd6f932ba9546bf", "skipass_price": null, "bottom_point": 1240, "top_point": 1966, "url": "https://www.skiresort.info/ski-resort/praz-de-lyssommand-taningesmieussy/", "country": [218]}}, {"model": "ski.resort", "pk": 129, "fields": {"name": "Val Gardena (Gröden)", "uuid": "ec13d79efe304d50", "skipass_price": null, "bottom_point": 1236, "top_point": 2518, "url": "https://www.skiresort.info/ski-resort/val-gardena-groeden/", "country": [225]}}, {"model": "ski.resort", "pk": 130, "fields": {"name": "Madonna di Campiglio/Pinzolo/Folgàrida/Marilleva", "uuid": "31edb7d2fad34bdd", "skipass_price": null, "bottom_point": 852, "top_point": 2504, "url": "https://www.skiresort.info/ski-resort/madonna-di-campigliopinzolofolgaridamarilleva/", "country": [225]}}, {"model": "ski.resort", "pk": 131, "fields": {"name": "Alagna Valsesia/Gressoney-La-Trinité/Champoluc/Frachey (Monterosa Ski)", "uuid": "59d2be0389c245b8", "skipass_price": null, "bottom_point": 1212, "top_point": 3275, "url": "https://www.skiresort.info/ski-resort/alagna-valsesiagressoney-la-trinitechampolucfrachey-monterosa-ski/", "country": [225]}}, {"model": "ski.resort", "pk": 132, "fields": {"name": "Alta Badia", "uuid": "ff00eec099254a4f", "skipass_price": null, "bottom_point": 1324, "top_point": 2550, "url": "https://www.skiresort.info/ski-resort/alta-badia/", "country": [225]}}, {"model": "ski.resort", "pk": 133, "fields": {"name": "Cortina d'Ampezzo", "uuid": "f21bbca75210409e", "skipass_price": null, "bottom_point": 1217, "top_point": 2828, "url": "https://www.skiresort.info/ski-resort/cortina-dampezzo/", "country": [225]}}, {"model": "ski.resort", "pk": 134, "fields": {"name": "Kronplatz (Plan de Corones)", "uuid": "79bf40aac2f04a28", "skipass_price": null, "bottom_point": 973, "top_point": 2275, "url": "https://www.skiresort.info/ski-resort/kronplatz-plan-de-corones/", "country": [225]}}, {"model": "ski.resort", "pk": 135, "fields": {"name": "Livigno", "uuid": "50ffbcbe3f22475c", "skipass_price": null, "bottom_point": 1816, "top_point": 2798, "url": "https://www.skiresort.info/ski-resort/livigno/", "country": [225]}}, {"model": "ski.resort", "pk": 136, "fields": {"name": "Mondolè Ski – Artesina/Frabosa Soprana/Prato Nevoso", "uuid": "fab88eb7b83242b8", "skipass_price": null, "bottom_point": 807, "top_point": 2085, "url": "https://www.skiresort.info/ski-resort/mondole-ski-artesinafrabosa-sopranaprato-nevoso/", "country": [225]}}, {"model": "ski.resort", "pk": 137, "fields": {"name": "Ponte di Legno/Tonale/Presena Glacier/Temù (Pontedilegno-Tonale)", "uuid": "0ba0be766f7346a7", "skipass_price": null, "bottom_point": 1121, "top_point": 3000, "url": "https://www.skiresort.info/ski-resort/ponte-di-legnotonalepresena-glaciertemu-pontedilegno-tonale/", "country": [225]}}, {"model": "ski.resort", "pk": 138, "fields": {"name": "Bardonecchia", "uuid": "f1e499c4f5fb4c6b", "skipass_price": null, "bottom_point": 1312, "top_point": 2800, "url": "https://www.skiresort.info/ski-resort/bardonecchia/", "country": [225]}}, {"model": "ski.resort", "pk": 139, "fields": {"name": "Alto Sangro – Roccaraso/Rivisondoli", "uuid": "5d441f7290974fac", "skipass_price": null, "bottom_point": 1309, "top_point": 2141, "url": "https://www.skiresort.info/ski-resort/alto-sangro-roccarasorivisondoli/", "country": [225]}}, {"model": "ski.resort", "pk": 140, "fields": {"name": "3 Zinnen Dolomites – Helm/Stiergarten/Rotwand/Kreuzbergpass", "uuid": "89343b79a1a34667", "skipass_price": null, "bottom_point": 1130, "top_point": 2200, "url": "https://www.skiresort.info/ski-resort/3-zinnen-dolomites-helmstiergartenrotwandkreuzbergpass/", "country": [225]}}, {"model": "ski.resort", "pk": 141, "fields": {"name": "Folgaria/Fiorentini", "uuid": "7075b15c82684982", "skipass_price": null, "bottom_point": 1200, "top_point": 1850, "url": "https://www.skiresort.info/ski-resort/folgariafiorentini/", "country": [225]}}, {"model": "ski.resort", "pk": 142, "fields": {"name": "Civetta – Alleghe/Selva di Cadore/Palafavera/Zoldo", "uuid": "1248d4dbc39e422c", "skipass_price": null, "bottom_point": 1000, "top_point": 2100, "url": "https://www.skiresort.info/ski-resort/civetta-allegheselva-di-cadorepalafaverazoldo/", "country": [225]}}, {"model": "ski.resort", "pk": 143, "fields": {"name": "Passo San Pellegrino/Falcade", "uuid": "808d0ff6bc3f4ae7", "skipass_price": null, "bottom_point": 1190, "top_point": 2513, "url": "https://www.skiresort.info/ski-resort/passo-san-pellegrinofalcade/", "country": [225]}}, {"model": "ski.resort", "pk": 144, "fields": {"name": "Belpiano (Schöneben)/Malga San Valentino (Haideralm)", "uuid": "28465164787b4579", "skipass_price": null, "bottom_point": 1460, "top_point": 2390, "url": "https://www.skiresort.info/ski-resort/belpiano-schoenebenmalga-san-valentino-haideralm/", "country": [225]}}, {"model": "ski.resort", "pk": 145, "fields": {"name": "Alpe di Siusi (Seiser Alm)", "uuid": "ddde0518b3524717", "skipass_price": null, "bottom_point": 1669, "top_point": 2220, "url": "https://www.skiresort.info/ski-resort/alpe-di-siusi-seiser-alm/", "country": [225]}}, {"model": "ski.resort", "pk": 146, "fields": {"name": "Arabba/Marmolada", "uuid": "5dafa16069d04527", "skipass_price": null, "bottom_point": 1446, "top_point": 3269, "url": "https://www.skiresort.info/ski-resort/arabbamarmolada/", "country": [225]}}, {"model": "ski.resort", "pk": 147, "fields": {"name": "San Martino di Castrozza", "uuid": "acadb5e280264ecb", "skipass_price": null, "bottom_point": 1404, "top_point": 2357, "url": "https://www.skiresort.info/ski-resort/san-martino-di-castrozza/", "country": [225]}}, {"model": "ski.resort", "pk": 148, "fields": {"name": "Belvedere/Col Rodella/Ciampac/Buffaure – Canazei/Campitello/Alba/Pozza di Fassa", "uuid": "dc5646cc30524c22", "skipass_price": null, "bottom_point": 1320, "top_point": 2485, "url": "https://www.skiresort.info/ski-resort/belvederecol-rodellaciampacbuffaure-canazeicampitelloalbapozza-di-fassa/", "country": [225]}}, {"model": "ski.resort", "pk": 149, "fields": {"name": "Gitschberg Jochtal", "uuid": "183d1936ec6d47a3", "skipass_price": null, "bottom_point": 1307, "top_point": 2510, "url": "https://www.skiresort.info/ski-resort/gitschberg-jochtal/", "country": [225]}}, {"model": "ski.resort", "pk": 150, "fields": {"name": "Riserva Bianca – Limone Piemonte", "uuid": "16fd2227b24f4153", "skipass_price": null, "bottom_point": 1046, "top_point": 2060, "url": "https://www.skiresort.info/ski-resort/riserva-bianca-limone-piemonte/", "country": [225]}}, {"model": "ski.resort", "pk": 151, "fields": {"name": "Pila", "uuid": "55a99a42d8a74028", "skipass_price": null, "bottom_point": 1540, "top_point": 2740, "url": "https://www.skiresort.info/ski-resort/pila/", "country": [225]}}, {"model": "ski.resort", "pk": 152, "fields": {"name": "Bormio – Cima Bianca", "uuid": "e9275fa14e1e4db0", "skipass_price": null, "bottom_point": 1225, "top_point": 3012, "url": "https://www.skiresort.info/ski-resort/bormio-cima-bianca/", "country": [225]}}, {"model": "ski.resort", "pk": 153, "fields": {"name": "Aprica", "uuid": "692d54401e8c401d", "skipass_price": null, "bottom_point": 1162, "top_point": 2270, "url": "https://www.skiresort.info/ski-resort/aprica/", "country": [225]}}, {"model": "ski.resort", "pk": 154, "fields": {"name": "Cimone – Montecreto/Sestola/Le Polle", "uuid": "fe527ebfe52040fa", "skipass_price": null, "bottom_point": 900, "top_point": 1976, "url": "https://www.skiresort.info/ski-resort/cimone-montecretosestolale-polle/", "country": [225]}}, {"model": "ski.resort", "pk": 155, "fields": {"name": "St. Anton/St. Christoph/Stuben/Lech/Zürs/Warth/Schröcken – Ski Arlberg", "uuid": "b0f81eddee354d32", "skipass_price": null, "bottom_point": 1300, "top_point": 2811, "url": "https://www.skiresort.info/ski-resort/st-antonst-christophstubenlechzuerswarthschroecken-ski-arlberg/", "country": [208]}}, {"model": "ski.resort", "pk": 156, "fields": {"name": "SkiWelt Wilder Kaiser-Brixental", "uuid": "6bc413bba4074322", "skipass_price": null, "bottom_point": 620, "top_point": 1957, "url": "https://www.skiresort.info/ski-resort/skiwelt-wilder-kaiser-brixental/", "country": [208]}}, {"model": "ski.resort", "pk": 157, "fields": {"name": "Saalbach Hinterglemm Leogang Fieberbrunn (Skicircus)", "uuid": "f2fcb0c5b2ff4883", "skipass_price": null, "bottom_point": 830, "top_point": 2096, "url": "https://www.skiresort.info/ski-resort/saalbach-hinterglemm-leogang-fieberbrunn-skicircus/", "country": [208]}}, {"model": "ski.resort", "pk": 158, "fields": {"name": "Serfaus-Fiss-Ladis", "uuid": "bae4e3aa738d4935", "skipass_price": null, "bottom_point": 1200, "top_point": 2828, "url": "https://www.skiresort.info/ski-resort/serfaus-fiss-ladis/", "country": [208]}}, {"model": "ski.resort", "pk": 159, "fields": {"name": "Kitzbühel/Kirchberg – KitzSki", "uuid": "8bf142c04abd45ea", "skipass_price": null, "bottom_point": 800, "top_point": 2000, "url": "https://www.skiresort.info/ski-resort/kitzbuehelkirchberg-kitzski/", "country": [208]}}, {"model": "ski.resort", "pk": 160, "fields": {"name": "Zillertal Arena – Zell am Ziller/Gerlos/Königsleiten/Hochkrimml", "uuid": "ba2833cb5d3b45c0", "skipass_price": null, "bottom_point": 580, "top_point": 2500, "url": "https://www.skiresort.info/ski-resort/zillertal-arena-zell-am-zillergerloskoenigsleitenhochkrimml/", "country": [208]}}, {"model": "ski.resort", "pk": 161, "fields": {"name": "Sölden", "uuid": "4037bc99de5f4093", "skipass_price": null, "bottom_point": 1350, "top_point": 3340, "url": "https://www.skiresort.info/ski-resort/soelden/", "country": [208]}}, {"model": "ski.resort", "pk": 162, "fields": {"name": "Mayrhofen – Penken/Ahorn/Rastkogel/Eggalm", "uuid": "e10a7b1300e84025", "skipass_price": null, "bottom_point": 630, "top_point": 2500, "url": "https://www.skiresort.info/ski-resort/mayrhofen-penkenahornrastkogeleggalm/", "country": [208]}}, {"model": "ski.resort", "pk": 163, "fields": {"name": "Schladming – Planai/​Hochwurzen/​Hauser Kaibling/​Reiteralm (4-Berge-Skischaukel)", "uuid": "99fe6113238a4dd0", "skipass_price": null, "bottom_point": 728, "top_point": 2015, "url": "https://www.skiresort.info/ski-resort/schladming-planaihochwurzenhauser-kaiblingreiteralm-4-berge-skischaukel/", "country": [208]}}, {"model": "ski.resort", "pk": 164, "fields": {"name": "Hochkönig – Maria Alm/Dienten/Mühlbach", "uuid": "08195085b86d4914", "skipass_price": null, "bottom_point": 800, "top_point": 1900, "url": "https://www.skiresort.info/ski-resort/hochkoenig-maria-almdientenmuehlbach/", "country": [208]}}, {"model": "ski.resort", "pk": 165, "fields": {"name": "Snow Space Salzburg – Flachau/Wagrain/St. Johann-Alpendorf", "uuid": "69b890c02ad343ef", "skipass_price": null, "bottom_point": 740, "top_point": 1980, "url": "https://www.skiresort.info/ski-resort/snow-space-salzburg-flachauwagrainst-johann-alpendorf/", "country": [208]}}, {"model": "ski.resort", "pk": 166, "fields": {"name": "Silvretta Montafon", "uuid": "246fd42e569d4c71", "skipass_price": null, "bottom_point": 700, "top_point": 2430, "url": "https://www.skiresort.info/ski-resort/silvretta-montafon/", "country": [208]}}, {"model": "ski.resort", "pk": 167, "fields": {"name": "Nassfeld – Hermagor", "uuid": "697fd7eeb063404f", "skipass_price": null, "bottom_point": 600, "top_point": 2002, "url": "https://www.skiresort.info/ski-resort/nassfeld-hermagor/", "country": [208]}}, {"model": "ski.resort", "pk": 168, "fields": {"name": "Gurgl – Obergurgl-Hochgurgl", "uuid": "13cb1dee76574828", "skipass_price": null, "bottom_point": 1793, "top_point": 3082, "url": "https://www.skiresort.info/ski-resort/gurgl-obergurgl-hochgurgl/", "country": [208]}}, {"model": "ski.resort", "pk": 169, "fields": {"name": "Bad Kleinkirchheim", "uuid": "4516e3f35c4341e4", "skipass_price": null, "bottom_point": 1087, "top_point": 2055, "url": "https://www.skiresort.info/ski-resort/bad-kleinkirchheim/", "country": [208]}}, {"model": "ski.resort", "pk": 170, "fields": {"name": "Obertauern", "uuid": "888791060328463f", "skipass_price": null, "bottom_point": 1630, "top_point": 2313, "url": "https://www.skiresort.info/ski-resort/obertauern/", "country": [208]}}, {"model": "ski.resort", "pk": 171, "fields": {"name": "Ski Juwel Alpbachtal Wildschönau", "uuid": "7e21555c455b4080", "skipass_price": null, "bottom_point": 830, "top_point": 2025, "url": "https://www.skiresort.info/ski-resort/ski-juwel-alpbachtal-wildschoenau/", "country": [208]}}, {"model": "ski.resort", "pk": 172, "fields": {"name": "Bad Gastein/Bad Hofgastein – Schlossalm/Angertal/Stubnerkogel", "uuid": "edc62cc4e887495e", "skipass_price": null, "bottom_point": 860, "top_point": 2300, "url": "https://www.skiresort.info/ski-resort/bad-gasteinbad-hofgastein-schlossalmangertalstubnerkogel/", "country": [208]}}, {"model": "ski.resort", "pk": 173, "fields": {"name": "Kaltenbach – Hochzillertal/Hochfügen (SKi-optimal)", "uuid": "67d2c42442a24e4e", "skipass_price": null, "bottom_point": 600, "top_point": 2378, "url": "https://www.skiresort.info/ski-resort/kaltenbach-hochzillertalhochfuegen-ski-optimal/", "country": [208]}}, {"model": "ski.resort", "pk": 174, "fields": {"name": "Damüls Mellau", "uuid": "1509997a798f4a7e", "skipass_price": null, "bottom_point": 710, "top_point": 2050, "url": "https://www.skiresort.info/ski-resort/damuels-mellau/", "country": [208]}}, {"model": "ski.resort", "pk": 175, "fields": {"name": "Schmittenhöhe – Zell am See", "uuid": "766f7db896cf4d1a", "skipass_price": null, "bottom_point": 760, "top_point": 2000, "url": "https://www.skiresort.info/ski-resort/schmittenhoehe-zell-am-see/", "country": [208]}}, {"model": "ski.resort", "pk": 176, "fields": {"name": "Wildkogel – Neukirchen/Bramberg", "uuid": "e45aede2627249a2", "skipass_price": null, "bottom_point": 820, "top_point": 2150, "url": "https://www.skiresort.info/ski-resort/wildkogel-neukirchenbramberg/", "country": [208]}}, {"model": "ski.resort", "pk": 177, "fields": {"name": "Katschberg", "uuid": "efe2dfac806b4ce3", "skipass_price": null, "bottom_point": 1066, "top_point": 2220, "url": "https://www.skiresort.info/ski-resort/katschberg/", "country": [208]}}, {"model": "ski.resort", "pk": 178, "fields": {"name": "Nauders am Reschenpass – Bergkastel", "uuid": "15f9c74902754647", "skipass_price": null, "bottom_point": 1400, "top_point": 2740, "url": "https://www.skiresort.info/ski-resort/nauders-am-reschenpass-bergkastel/", "country": [208]}}, {"model": "ski.resort", "pk": 179, "fields": {"name": "Stubai Glacier (Stubaier Gletscher)", "uuid": "22c9f064ac9b447a", "skipass_price": null, "bottom_point": 1697, "top_point": 3212, "url": "https://www.skiresort.info/ski-resort/stubai-glacier-stubaier-gletscher/", "country": [208]}}, {"model": "ski.resort", "pk": 180, "fields": {"name": "Großarltal/Dorfgastein", "uuid": "e1be6b53f1a048db", "skipass_price": null, "bottom_point": 849, "top_point": 2033, "url": "https://www.skiresort.info/ski-resort/grossarltaldorfgastein/", "country": [208]}}, {"model": "ski.resort", "pk": 181, "fields": {"name": "Kitzsteinhorn/Maiskogel – Kaprun", "uuid": "dcba78b0c831490d", "skipass_price": null, "bottom_point": 768, "top_point": 3029, "url": "https://www.skiresort.info/ski-resort/kitzsteinhornmaiskogel-kaprun/", "country": [208]}}, {"model": "ski.resort", "pk": 182, "fields": {"name": "Hintertux Glacier (Hintertuxer Gletscher)", "uuid": "fa05629ad1ca47e7", "skipass_price": null, "bottom_point": 1500, "top_point": 3250, "url": "https://www.skiresort.info/ski-resort/hintertux-glacier-hintertuxer-gletscher/", "country": [208]}}, {"model": "ski.resort", "pk": 183, "fields": {"name": "Grossglockner Heiligenblut", "uuid": "5c109078ff9a49f4", "skipass_price": null, "bottom_point": 1301, "top_point": 2989, "url": "https://www.skiresort.info/ski-resort/grossglockner-heiligenblut/", "country": [208]}}, {"model": "ski.resort", "pk": 184, "fields": {"name": "Brandnertal – Brand/Bürserberg", "uuid": "1d138a0b16534ea8", "skipass_price": null, "bottom_point": 904, "top_point": 2000, "url": "https://www.skiresort.info/ski-resort/brandnertal-brandbuerserberg/", "country": [208]}}, {"model": "ski.resort", "pk": 185, "fields": {"name": "Dachstein West – Gosau/Russbach/Annaberg", "uuid": "0c4f9761eea0482a", "skipass_price": null, "bottom_point": 745, "top_point": 1617, "url": "https://www.skiresort.info/ski-resort/dachstein-west-gosaurussbachannaberg/", "country": [208]}}, {"model": "ski.resort", "pk": 186, "fields": {"name": "Grosseck/Speiereck – Mauterndorf/St. Michael", "uuid": "ac5595cc726e408f", "skipass_price": null, "bottom_point": 1095, "top_point": 2400, "url": "https://www.skiresort.info/ski-resort/grosseckspeiereck-mauterndorfst-michael/", "country": [208]}}, {"model": "ski.resort", "pk": 187, "fields": {"name": "Kühtai", "uuid": "eeedaccf83054e45", "skipass_price": null, "bottom_point": 1938, "top_point": 2520, "url": "https://www.skiresort.info/ski-resort/kuehtai/", "country": [208]}}, {"model": "ski.resort", "pk": 188, "fields": {"name": "Almenwelt Lofer", "uuid": "252d9fc49d7f45ba", "skipass_price": null, "bottom_point": 640, "top_point": 1670, "url": "https://www.skiresort.info/ski-resort/almenwelt-lofer/", "country": [208]}}, {"model": "ski.resort", "pk": 189, "fields": {"name": "Gerlitzen", "uuid": "5623e2a080ea4caa", "skipass_price": null, "bottom_point": 1000, "top_point": 1911, "url": "https://www.skiresort.info/ski-resort/gerlitzen/", "country": [208]}}, {"model": "ski.resort", "pk": 190, "fields": {"name": "Zauchensee/Flachauwinkl", "uuid": "9c7f403cef6d4fa7", "skipass_price": null, "bottom_point": 1000, "top_point": 2176, "url": "https://www.skiresort.info/ski-resort/zauchenseeflachauwinkl/", "country": [208]}}, {"model": "ski.resort", "pk": 191, "fields": {"name": "Großglockner Resort Kals-Matrei", "uuid": "a4aa6961465a44c8", "skipass_price": null, "bottom_point": 1020, "top_point": 2422, "url": "https://www.skiresort.info/ski-resort/grossglockner-resort-kals-matrei/", "country": [208]}}, {"model": "ski.resort", "pk": 192, "fields": {"name": "Tauplitz – Bad Mitterndorf", "uuid": "54fd8f193ebe4401", "skipass_price": null, "bottom_point": 896, "top_point": 1965, "url": "https://www.skiresort.info/ski-resort/tauplitz-bad-mitterndorf/", "country": [208]}}, {"model": "ski.resort", "pk": 193, "fields": {"name": "Galtür – Silvapark", "uuid": "c9f1a11e41e242dc", "skipass_price": null, "bottom_point": 1600, "top_point": 2300, "url": "https://www.skiresort.info/ski-resort/galtuer-silvapark/", "country": [208]}}, {"model": "ski.resort", "pk": 194, "fields": {"name": "Kreischberg", "uuid": "f7c2374c572a478a", "skipass_price": null, "bottom_point": 868, "top_point": 2118, "url": "https://www.skiresort.info/ski-resort/kreischberg/", "country": [208]}}, {"model": "ski.resort", "pk": 195, "fields": {"name": "Steinplatte/Winklmoosalm – Waidring/Reit im Winkl", "uuid": "d560b4247e9543a7", "skipass_price": null, "bottom_point": 740, "top_point": 1860, "url": "https://www.skiresort.info/ski-resort/steinplattewinklmoosalm-waidringreit-im-winkl/", "country": [208]}}, {"model": "ski.resort", "pk": 196, "fields": {"name": "St. Johann in Tirol/Oberndorf – Harschbichl", "uuid": "379de8895b744477", "skipass_price": null, "bottom_point": 659, "top_point": 1604, "url": "https://www.skiresort.info/ski-resort/st-johann-in-tiroloberndorf-harschbichl/", "country": [208]}}, {"model": "ski.resort", "pk": 197, "fields": {"name": "Turracher Höhe", "uuid": "ea5a2053f9e84afc", "skipass_price": null, "bottom_point": 1400, "top_point": 2205, "url": "https://www.skiresort.info/ski-resort/turracher-hoehe/", "country": [208]}}, {"model": "ski.resort", "pk": 198, "fields": {"name": "See", "uuid": "bb65ca4a2619427a", "skipass_price": null, "bottom_point": 1040, "top_point": 2456, "url": "https://www.skiresort.info/ski-resort/see/", "country": [208]}}, {"model": "ski.resort", "pk": 199, "fields": {"name": "Hochzeiger – Jerzens", "uuid": "8e6a37602b994852", "skipass_price": null, "bottom_point": 1450, "top_point": 2450, "url": "https://www.skiresort.info/ski-resort/hochzeiger-jerzens/", "country": [208]}}, {"model": "ski.resort", "pk": 200, "fields": {"name": "Diedamskopf – Schoppernau", "uuid": "6220c69a25a0421d", "skipass_price": null, "bottom_point": 820, "top_point": 2060, "url": "https://www.skiresort.info/ski-resort/diedamskopf-schoppernau/", "country": [208]}}, {"model": "ski.resort", "pk": 201, "fields": {"name": "Kappl", "uuid": "bfec1850c2b14195", "skipass_price": null, "bottom_point": 1180, "top_point": 2690, "url": "https://www.skiresort.info/ski-resort/kappl/", "country": [208]}}, {"model": "ski.resort", "pk": 202, "fields": {"name": "Hinterstoder – Höss", "uuid": "959b3c6043884014", "skipass_price": null, "bottom_point": 600, "top_point": 2000, "url": "https://www.skiresort.info/ski-resort/hinterstoder-hoess/", "country": [208]}}, {"model": "ski.resort", "pk": 203, "fields": {"name": "Hochoetz – Oetz", "uuid": "0eaf1de2abdc43a9", "skipass_price": null, "bottom_point": 1410, "top_point": 2272, "url": "https://www.skiresort.info/ski-resort/hochoetz-oetz/", "country": [208]}}, {"model": "ski.slope", "pk": 53, "fields": {"resort": 53, "green_slopes": null, "blue_slopes": 310, "red_slopes": 210, "black_slopes": 60}}, {"model": "ski.slope", "pk": 54, "fields": {"resort": 54, "green_slopes": null, "blue_slopes": 107, "red_slopes": 202, "black_slopes": 103}}, {"model": "ski.slope", "pk": 55, "fields": {"resort": 55, "green_slopes": null, "blue_slopes": 75, "red_slopes": 220, "black_slopes": 27}}, {"model": "ski.slope", "pk": 56, "fields": {"resort": 56, "green_slopes": null, "blue_slopes": 47, "red_slopes": 143, "black_slopes": 49}}, {"model": "ski.slope", "pk": 57, "fields": {"resort": 57, "green_slopes": null, "blue_slopes": 110, "red_slopes": 87, "black_slopes": 28}}, {"model": "ski.slope", "pk": 58, "fields": {"resort": 58, "green_slopes": null, "blue_slopes": 88, "red_slopes": 81, "black_slopes": 19}}, {"model": "ski.slope", "pk": 59, "fields": {"resort": 59, "green_slopes": null, "blue_slopes": 62, "red_slopes": 24, "black_slopes": 16}}, {"model": "ski.slope", "pk": 60, "fields": {"resort": 60, "green_slopes": null, "blue_slopes": 17, "red_slopes": 26, "black_slopes": 9}}, {"model": "ski.slope", "pk": 61, "fields": {"resort": 61, "green_slopes": null, "blue_slopes": 7, "red_slopes": 20, "black_slopes": 2}}, {"model": "ski.slope", "pk": 62, "fields": {"resort": 62, "green_slopes": null, "blue_slopes": 27, "red_slopes": 152, "black_slopes": 71}}, {"model": "ski.slope", "pk": 63, "fields": {"resort": 63, "green_slopes": null, "blue_slopes": 55, "red_slopes": 69, "black_slopes": 126}}, {"model": "ski.slope", "pk": 64, "fields": {"resort": 64, "green_slopes": null, "blue_slopes": 12, "red_slopes": 114, "black_slopes": 111}}, {"model": "ski.slope", "pk": 65, "fields": {"resort": 65, "green_slopes": null, "blue_slopes": 57, "red_slopes": 84, "black_slopes": 93}}, {"model": "ski.slope", "pk": 66, "fields": {"resort": 66, "green_slopes": null, "blue_slopes": 25, "red_slopes": 95, "black_slopes": 45}}, {"model": "ski.slope", "pk": 67, "fields": {"resort": 67, "green_slopes": null, "blue_slopes": 28, "red_slopes": 60, "black_slopes": 65}}, {"model": "ski.slope", "pk": 68, "fields": {"resort": 68, "green_slopes": null, "blue_slopes": 28, "red_slopes": 64, "black_slopes": 57}}, {"model": "ski.slope", "pk": 69, "fields": {"resort": 69, "green_slopes": null, "blue_slopes": 11, "red_slopes": 53, "black_slopes": 79}}, {"model": "ski.slope", "pk": 70, "fields": {"resort": 70, "green_slopes": null, "blue_slopes": 25, "red_slopes": 65, "black_slopes": 45}}, {"model": "ski.slope", "pk": 71, "fields": {"resort": 71, "green_slopes": null, "blue_slopes": 24, "red_slopes": 40, "black_slopes": 70}}, {"model": "ski.slope", "pk": 72, "fields": {"resort": 72, "green_slopes": null, "blue_slopes": 30, "red_slopes": 50, "black_slopes": 55}}, {"model": "ski.slope", "pk": 73, "fields": {"resort": 73, "green_slopes": null, "blue_slopes": 30, "red_slopes": 40, "black_slopes": 56}}, {"model": "ski.slope", "pk": 74, "fields": {"resort": 74, "green_slopes": null, "blue_slopes": 31, "red_slopes": 69, "black_slopes": 20}}, {"model": "ski.slope", "pk": 75, "fields": {"resort": 75, "green_slopes": null, "blue_slopes": 19, "red_slopes": 46, "black_slopes": 50}}, {"model": "ski.slope", "pk": 76, "fields": {"resort": 76, "green_slopes": null, "blue_slopes": 29, "red_slopes": 46, "black_slopes": 40}}, {"model": "ski.slope", "pk": 77, "fields": {"resort": 77, "green_slopes": null, "blue_slopes": 16, "red_slopes": 50, "black_slopes": 50}}, {"model": "ski.slope", "pk": 78, "fields": {"resort": 78, "green_slopes": null, "blue_slopes": 27, "red_slopes": 28, "black_slopes": 58}}, {"model": "ski.slope", "pk": 79, "fields": {"resort": 79, "green_slopes": null, "blue_slopes": 40, "red_slopes": 25, "black_slopes": 40}}, {"model": "ski.slope", "pk": 80, "fields": {"resort": 80, "green_slopes": null, "blue_slopes": 312, "red_slopes": 216, "black_slopes": 72}}, {"model": "ski.slope", "pk": 81, "fields": {"resort": 81, "green_slopes": null, "blue_slopes": 96, "red_slopes": 220, "black_slopes": 84}}, {"model": "ski.slope", "pk": 82, "fields": {"resort": 82, "green_slopes": null, "blue_slopes": 53, "red_slopes": 238, "black_slopes": 18}}, {"model": "ski.slope", "pk": 83, "fields": {"resort": 83, "green_slopes": null, "blue_slopes": 170, "red_slopes": 78, "black_slopes": 52}}, {"model": "ski.slope", "pk": 84, "fields": {"resort": 84, "green_slopes": null, "blue_slopes": 135, "red_slopes": 95, "black_slopes": 35}}, {"model": "ski.slope", "pk": 85, "fields": {"resort": 85, "green_slopes": null, "blue_slopes": 98, "red_slopes": 134, "black_slopes": 31}}, {"model": "ski.slope", "pk": 86, "fields": {"resort": 86, "green_slopes": null, "blue_slopes": 137, "red_slopes": 80, "black_slopes": 32}}, {"model": "ski.slope", "pk": 87, "fields": {"resort": 87, "green_slopes": null, "blue_slopes": 70, "red_slopes": 130, "black_slopes": 50}}, {"model": "ski.slope", "pk": 88, "fields": {"resort": 88, "green_slopes": null, "blue_slopes": 139, "red_slopes": 59, "black_slopes": 27}}, {"model": "ski.slope", "pk": 89, "fields": {"resort": 89, "green_slopes": null, "blue_slopes": 110, "red_slopes": 56, "black_slopes": 34}}, {"model": "ski.slope", "pk": 90, "fields": {"resort": 90, "green_slopes": null, "blue_slopes": 104, "red_slopes": 70, "black_slopes": 26}}, {"model": "ski.slope", "pk": 91, "fields": {"resort": 91, "green_slopes": null, "blue_slopes": 132, "red_slopes": 49, "black_slopes": 11}}, {"model": "ski.slope", "pk": 92, "fields": {"resort": 92, "green_slopes": null, "blue_slopes": 75, "red_slopes": 90, "black_slopes": 20}}, {"model": "ski.slope", "pk": 93, "fields": {"resort": 93, "green_slopes": null, "blue_slopes": 56, "red_slopes": 93, "black_slopes": 30}}, {"model": "ski.slope", "pk": 94, "fields": {"resort": 94, "green_slopes": null, "blue_slopes": 115, "red_slopes": 35, "black_slopes": 15}}, {"model": "ski.slope", "pk": 95, "fields": {"resort": 95, "green_slopes": null, "blue_slopes": 60, "red_slopes": 85, "black_slopes": 15}}, {"model": "ski.slope", "pk": 96, "fields": {"resort": 96, "green_slopes": null, "blue_slopes": 68, "red_slopes": 70, "black_slopes": 14}}, {"model": "ski.slope", "pk": 97, "fields": {"resort": 97, "green_slopes": null, "blue_slopes": 58, "red_slopes": 45, "black_slopes": 32}}, {"model": "ski.slope", "pk": 98, "fields": {"resort": 98, "green_slopes": null, "blue_slopes": 73, "red_slopes": 42, "black_slopes": 10}}, {"model": "ski.slope", "pk": 99, "fields": {"resort": 99, "green_slopes": null, "blue_slopes": 50, "red_slopes": 50, "black_slopes": 25}}, {"model": "ski.slope", "pk": 100, "fields": {"resort": 100, "green_slopes": null, "blue_slopes": 67, "red_slopes": 42, "black_slopes": 16}}, {"model": "ski.slope", "pk": 101, "fields": {"resort": 101, "green_slopes": null, "blue_slopes": 46, "red_slopes": 36, "black_slopes": 38}}, {"model": "ski.slope", "pk": 102, "fields": {"resort": 102, "green_slopes": null, "blue_slopes": 40, "red_slopes": 60, "black_slopes": 20}}, {"model": "ski.slope", "pk": 103, "fields": {"resort": 103, "green_slopes": null, "blue_slopes": 75, "red_slopes": 35, "black_slopes": 10}}, {"model": "ski.slope", "pk": 104, "fields": {"resort": 104, "green_slopes": null, "blue_slopes": 58, "red_slopes": 35, "black_slopes": 7}}, {"model": "ski.slope", "pk": 105, "fields": {"resort": 105, "green_slopes": null, "blue_slopes": 55, "red_slopes": 35, "black_slopes": 10}}, {"model": "ski.slope", "pk": 106, "fields": {"resort": 106, "green_slopes": null, "blue_slopes": 55, "red_slopes": 38, "black_slopes": 7}}, {"model": "ski.slope", "pk": 107, "fields": {"resort": 107, "green_slopes": null, "blue_slopes": 30, "red_slopes": 60, "black_slopes": 10}}, {"model": "ski.slope", "pk": 108, "fields": {"resort": 108, "green_slopes": null, "blue_slopes": 60, "red_slopes": 30, "black_slopes": 10}}, {"model": "ski.slope", "pk": 109, "fields": {"resort": 109, "green_slopes": null, "blue_slopes": 45, "red_slopes": 35, "black_slopes": 10}}, {"model": "ski.slope", "pk": 110, "fields": {"resort": 110, "green_slopes": null, "blue_slopes": 45, "red_slopes": 35, "black_slopes": 10}}, {"model": "ski.slope", "pk": 111, "fields": {"resort": 111, "green_slopes": null, "blue_slopes": 49, "red_slopes": 29, "black_slopes": 8}}, {"model": "ski.slope", "pk": 112, "fields": {"resort": 112, "green_slopes": null, "blue_slopes": 28, "red_slopes": 50, "black_slopes": 7}}, {"model": "ski.slope", "pk": 113, "fields": {"resort": 113, "green_slopes": null, "blue_slopes": 40, "red_slopes": 25, "black_slopes": 15}}, {"model": "ski.slope", "pk": 114, "fields": {"resort": 114, "green_slopes": null, "blue_slopes": 28, "red_slopes": 34, "black_slopes": 13}}, {"model": "ski.slope", "pk": 115, "fields": {"resort": 115, "green_slopes": null, "blue_slopes": 40, "red_slopes": 20, "black_slopes": 10}}, {"model": "ski.slope", "pk": 116, "fields": {"resort": 116, "green_slopes": null, "blue_slopes": 35, "red_slopes": 22, "black_slopes": 8}}, {"model": "ski.slope", "pk": 117, "fields": {"resort": 117, "green_slopes": null, "blue_slopes": 17, "red_slopes": 43, "black_slopes": 5}}, {"model": "ski.slope", "pk": 118, "fields": {"resort": 118, "green_slopes": null, "blue_slopes": 35, "red_slopes": 20, "black_slopes": 10}}, {"model": "ski.slope", "pk": 119, "fields": {"resort": 119, "green_slopes": null, "blue_slopes": 30, "red_slopes": 26, "black_slopes": 4}}, {"model": "ski.slope", "pk": 120, "fields": {"resort": 120, "green_slopes": null, "blue_slopes": 25, "red_slopes": 30, "black_slopes": 5}}, {"model": "ski.slope", "pk": 121, "fields": {"resort": 121, "green_slopes": null, "blue_slopes": 26, "red_slopes": 25, "black_slopes": 9}}, {"model": "ski.slope", "pk": 122, "fields": {"resort": 122, "green_slopes": null, "blue_slopes": 30, "red_slopes": 20, "black_slopes": 10}}, {"model": "ski.slope", "pk": 123, "fields": {"resort": 123, "green_slopes": null, "blue_slopes": 30, "red_slopes": 19, "black_slopes": 9}}, {"model": "ski.slope", "pk": 124, "fields": {"resort": 124, "green_slopes": null, "blue_slopes": 11, "red_slopes": 25, "black_slopes": 20}}, {"model": "ski.slope", "pk": 125, "fields": {"resort": 125, "green_slopes": null, "blue_slopes": 25, "red_slopes": 25, "black_slopes": 5}}, {"model": "ski.slope", "pk": 126, "fields": {"resort": 126, "green_slopes": null, "blue_slopes": 30, "red_slopes": 22, "black_slopes": 3}}, {"model": "ski.slope", "pk": 127, "fields": {"resort": 127, "green_slopes": null, "blue_slopes": 22, "red_slopes": 23, "black_slopes": 10}}, {"model": "ski.slope", "pk": 128, "fields": {"resort": 128, "green_slopes": null, "blue_slopes": 29, "red_slopes": 20, "black_slopes": 6}}, {"model": "ski.slope", "pk": 129, "fields": {"resort": 129, "green_slopes": null, "blue_slopes": 52, "red_slopes": 105, "black_slopes": 21}}, {"model": "ski.slope", "pk": 130, "fields": {"resort": 130, "green_slopes": null, "blue_slopes": 50, "red_slopes": 67, "black_slopes": 33}}, {"model": "ski.slope", "pk": 131, "fields": {"resort": 131, "green_slopes": null, "blue_slopes": 29, "red_slopes": 89, "black_slopes": 14}}, {"model": "ski.slope", "pk": 132, "fields": {"resort": 132, "green_slopes": null, "blue_slopes": 70, "red_slopes": 52, "black_slopes": 8}}, {"model": "ski.slope", "pk": 133, "fields": {"resort": 133, "green_slopes": null, "blue_slopes": 45, "red_slopes": 59, "black_slopes": 16}}, {"model": "ski.slope", "pk": 134, "fields": {"resort": 134, "green_slopes": null, "blue_slopes": 52, "red_slopes": 42, "black_slopes": 25}}, {"model": "ski.slope", "pk": 135, "fields": {"resort": 135, "green_slopes": null, "blue_slopes": 30, "red_slopes": 65, "black_slopes": 20}}, {"model": "ski.slope", "pk": 136, "fields": {"resort": 136, "green_slopes": null, "blue_slopes": 42, "red_slopes": 51, "black_slopes": 11}}, {"model": "ski.slope", "pk": 137, "fields": {"resort": 137, "green_slopes": null, "blue_slopes": 24, "red_slopes": 61, "black_slopes": 15}}, {"model": "ski.slope", "pk": 138, "fields": {"resort": 138, "green_slopes": null, "blue_slopes": 54, "red_slopes": 38, "black_slopes": 8}}, {"model": "ski.slope", "pk": 139, "fields": {"resort": 139, "green_slopes": null, "blue_slopes": 37, "red_slopes": 32, "black_slopes": 20}}, {"model": "ski.slope", "pk": 140, "fields": {"resort": 140, "green_slopes": null, "blue_slopes": 40, "red_slopes": 37, "black_slopes": 8}}, {"model": "ski.slope", "pk": 141, "fields": {"resort": 141, "green_slopes": null, "blue_slopes": 36, "red_slopes": 32, "black_slopes": 5}}, {"model": "ski.slope", "pk": 142, "fields": {"resort": 142, "green_slopes": null, "blue_slopes": 28, "red_slopes": 36, "black_slopes": 8}}, {"model": "ski.slope", "pk": 143, "fields": {"resort": 143, "green_slopes": null, "blue_slopes": 20, "red_slopes": 38, "black_slopes": 8}}, {"model": "ski.slope", "pk": 144, "fields": {"resort": 144, "green_slopes": null, "blue_slopes": 29, "red_slopes": 30, "black_slopes": 6}}, {"model": "ski.slope", "pk": 145, "fields": {"resort": 145, "green_slopes": null, "blue_slopes": 15, "red_slopes": 45, "black_slopes": 3}}, {"model": "ski.slope", "pk": 146, "fields": {"resort": 146, "green_slopes": null, "blue_slopes": 23, "red_slopes": 30, "black_slopes": 8}}, {"model": "ski.slope", "pk": 147, "fields": {"resort": 147, "green_slopes": null, "blue_slopes": 16, "red_slopes": 32, "black_slopes": 12}}, {"model": "ski.slope", "pk": 148, "fields": {"resort": 148, "green_slopes": null, "blue_slopes": 7, "red_slopes": 40, "black_slopes": 7}}, {"model": "ski.slope", "pk": 149, "fields": {"resort": 149, "green_slopes": null, "blue_slopes": 18, "red_slopes": 27, "black_slopes": 9}}, {"model": "ski.slope", "pk": 150, "fields": {"resort": 150, "green_slopes": null, "blue_slopes": 7, "red_slopes": 28, "black_slopes": 17}}, {"model": "ski.slope", "pk": 151, "fields": {"resort": 151, "green_slopes": null, "blue_slopes": 8, "red_slopes": 35, "black_slopes": 6}}, {"model": "ski.slope", "pk": 152, "fields": {"resort": 152, "green_slopes": null, "blue_slopes": 14, "red_slopes": 34, "black_slopes": 2}}, {"model": "ski.slope", "pk": 153, "fields": {"resort": 153, "green_slopes": null, "blue_slopes": 28, "red_slopes": 14, "black_slopes": 7}}, {"model": "ski.slope", "pk": 154, "fields": {"resort": 154, "green_slopes": null, "blue_slopes": 15, "red_slopes": 25, "black_slopes": 10}}, {"model": "ski.slope", "pk": 155, "fields": {"resort": 155, "green_slopes": null, "blue_slopes": 130, "red_slopes": 122, "black_slopes": 51}}, {"model": "ski.slope", "pk": 156, "fields": {"resort": 156, "green_slopes": null, "blue_slopes": 126, "red_slopes": 127, "black_slopes": 35}}, {"model": "ski.slope", "pk": 157, "fields": {"resort": 157, "green_slopes": null, "blue_slopes": 140, "red_slopes": 112, "black_slopes": 18}}, {"model": "ski.slope", "pk": 158, "fields": {"resort": 158, "green_slopes": null, "blue_slopes": 47, "red_slopes": 123, "black_slopes": 28}}, {"model": "ski.slope", "pk": 159, "fields": {"resort": 159, "green_slopes": null, "blue_slopes": 94, "red_slopes": 67, "black_slopes": 20}}, {"model": "ski.slope", "pk": 160, "fields": {"resort": 160, "green_slopes": null, "blue_slopes": 49, "red_slopes": 87, "black_slopes": 10}}, {"model": "ski.slope", "pk": 161, "fields": {"resort": 161, "green_slopes": null, "blue_slopes": 69, "red_slopes": 46, "black_slopes": 27}}, {"model": "ski.slope", "pk": 162, "fields": {"resort": 162, "green_slopes": null, "blue_slopes": 44, "red_slopes": 70, "black_slopes": 28}}, {"model": "ski.slope", "pk": 163, "fields": {"resort": 163, "green_slopes": null, "blue_slopes": 46, "red_slopes": 68, "black_slopes": 8}}, {"model": "ski.slope", "pk": 164, "fields": {"resort": 164, "green_slopes": null, "blue_slopes": 52, "red_slopes": 41, "black_slopes": 27}}, {"model": "ski.slope", "pk": 165, "fields": {"resort": 165, "green_slopes": null, "blue_slopes": 34, "red_slopes": 82, "black_slopes": 4}}, {"model": "ski.slope", "pk": 166, "fields": {"resort": 166, "green_slopes": null, "blue_slopes": 60, "red_slopes": 50, "black_slopes": 8}}, {"model": "ski.slope", "pk": 167, "fields": {"resort": 167, "green_slopes": null, "blue_slopes": 30, "red_slopes": 69, "black_slopes": 11}}, {"model": "ski.slope", "pk": 168, "fields": {"resort": 168, "green_slopes": null, "blue_slopes": 60, "red_slopes": 33, "black_slopes": 14}}, {"model": "ski.slope", "pk": 169, "fields": {"resort": 169, "green_slopes": null, "blue_slopes": 18, "red_slopes": 77, "black_slopes": 8}}, {"model": "ski.slope", "pk": 170, "fields": {"resort": 170, "green_slopes": null, "blue_slopes": 61, "red_slopes": 35, "black_slopes": 4}}, {"model": "ski.slope", "pk": 171, "fields": {"resort": 171, "green_slopes": null, "blue_slopes": 25, "red_slopes": 53, "black_slopes": 12}}, {"model": "ski.slope", "pk": 172, "fields": {"resort": 172, "green_slopes": null, "blue_slopes": 30, "red_slopes": 52, "black_slopes": 2}}, {"model": "ski.slope", "pk": 173, "fields": {"resort": 173, "green_slopes": null, "blue_slopes": 29, "red_slopes": 41, "black_slopes": 14}}, {"model": "ski.slope", "pk": 174, "fields": {"resort": 174, "green_slopes": null, "blue_slopes": 29, "red_slopes": 48, "black_slopes": 1}}, {"model": "ski.slope", "pk": 175, "fields": {"resort": 175, "green_slopes": null, "blue_slopes": 30, "red_slopes": 28, "black_slopes": 19}}, {"model": "ski.slope", "pk": 176, "fields": {"resort": 176, "green_slopes": null, "blue_slopes": 35, "red_slopes": 30, "black_slopes": 10}}, {"model": "ski.slope", "pk": 177, "fields": {"resort": 177, "green_slopes": null, "blue_slopes": 10, "red_slopes": 50, "black_slopes": 10}}, {"model": "ski.slope", "pk": 178, "fields": {"resort": 178, "green_slopes": null, "blue_slopes": 23, "red_slopes": 33, "black_slopes": 11}}, {"model": "ski.slope", "pk": 179, "fields": {"resort": 179, "green_slopes": null, "blue_slopes": 25, "red_slopes": 15, "black_slopes": 25}}, {"model": "ski.slope", "pk": 180, "fields": {"resort": 180, "green_slopes": null, "blue_slopes": 27, "red_slopes": 34, "black_slopes": 1}}, {"model": "ski.slope", "pk": 181, "fields": {"resort": 181, "green_slopes": null, "blue_slopes": 29, "red_slopes": 23, "black_slopes": 9}}, {"model": "ski.slope", "pk": 182, "fields": {"resort": 182, "green_slopes": null, "blue_slopes": 14, "red_slopes": 35, "black_slopes": 11}}, {"model": "ski.slope", "pk": 183, "fields": {"resort": 183, "green_slopes": null, "blue_slopes": 20, "red_slopes": 34, "black_slopes": 1}}, {"model": "ski.slope", "pk": 184, "fields": {"resort": 184, "green_slopes": null, "blue_slopes": 23, "red_slopes": 28, "black_slopes": 3}}, {"model": "ski.slope", "pk": 185, "fields": {"resort": 185, "green_slopes": null, "blue_slopes": 15, "red_slopes": 33, "black_slopes": 3}}, {"model": "ski.slope", "pk": 186, "fields": {"resort": 186, "green_slopes": null, "blue_slopes": 26, "red_slopes": 17, "black_slopes": 7}}, {"model": "ski.slope", "pk": 187, "fields": {"resort": 187, "green_slopes": null, "blue_slopes": 9, "red_slopes": 26, "black_slopes": 11}}, {"model": "ski.slope", "pk": 188, "fields": {"resort": 188, "green_slopes": null, "blue_slopes": 32, "red_slopes": 12, "black_slopes": 2}}, {"model": "ski.slope", "pk": 189, "fields": {"resort": 189, "green_slopes": null, "blue_slopes": 13, "red_slopes": 29, "black_slopes": 3}}, {"model": "ski.slope", "pk": 190, "fields": {"resort": 190, "green_slopes": null, "blue_slopes": 23, "red_slopes": 17, "black_slopes": 4}}, {"model": "ski.slope", "pk": 191, "fields": {"resort": 191, "green_slopes": null, "blue_slopes": 9, "red_slopes": 24, "black_slopes": 10}}, {"model": "ski.slope", "pk": 192, "fields": {"resort": 192, "green_slopes": null, "blue_slopes": 18, "red_slopes": 19, "black_slopes": 6}}, {"model": "ski.slope", "pk": 193, "fields": {"resort": 193, "green_slopes": null, "blue_slopes": 6, "red_slopes": 25, "black_slopes": 12}}, {"model": "ski.slope", "pk": 194, "fields": {"resort": 194, "green_slopes": null, "blue_slopes": 17, "red_slopes": 16, "black_slopes": 9}}, {"model": "ski.slope", "pk": 195, "fields": {"resort": 195, "green_slopes": null, "blue_slopes": 18, "red_slopes": 22, "black_slopes": 2}}, {"model": "ski.slope", "pk": 196, "fields": {"resort": 196, "green_slopes": null, "blue_slopes": 15, "red_slopes": 23, "black_slopes": 3}}, {"model": "ski.slope", "pk": 197, "fields": {"resort": 197, "green_slopes": null, "blue_slopes": 14, "red_slopes": 24, "black_slopes": 3}}, {"model": "ski.slope", "pk": 198, "fields": {"resort": 198, "green_slopes": null, "blue_slopes": 8, "red_slopes": 25, "black_slopes": 8}}, {"model": "ski.slope", "pk": 199, "fields": {"resort": 199, "green_slopes": null, "blue_slopes": 10, "red_slopes": 22, "black_slopes": 8}}, {"model": "ski.slope", "pk": 200, "fields": {"resort": 200, "green_slopes": null, "blue_slopes": 13, "red_slopes": 18, "black_slopes": 9}}, {"model": "ski.slope", "pk": 201, "fields": {"resort": 201, "green_slopes": null, "blue_slopes": 10, "red_slopes": 25, "black_slopes": 5}}, {"model": "ski.slope", "pk": 202, "fields": {"resort": 202, "green_slopes": null, "blue_slopes": 12, "red_slopes": 18, "black_slopes": 9}}, {"model": "ski.slope", "pk": 203, "fields": {"resort": 203, "green_slopes": null, "blue_slopes": 12, "red_slopes": 21, "black_slopes": 4}}]